Name,Smin,Smax,Smed,SSD,Nobs,B-V,logRhk,Age,I10,C,SimbadName,_RA,_DE
"HD 18632",0.673,0.765,0.728,0.02275,34,0.906,-4.305,0.06,1,0,"HD 18632  ",45.01172,7.74975
"HD 20165",0.1733,0.2496,0.2055,0.01953,80,0.832,-4.882,3.63,1,1,"HD 20165  ",48.69678,8.98079
"HIP15904",0.1775,0.1847,0.1808,0.00248,8,0.591,-4.857,3.31,1,0,"HIP15904  ",51.20984,12.25658
"HD 16160",0.1867,0.2573,0.226,0.01494,157,0.954,-4.93,4.33,1,1,"HD 16160  ",39.02042,6.88677
"HD 17230",0.62,0.8766,0.7868,0.05004,71,1.206,-4.728,2.08,1,1,"HD 17230  ",41.57199,11.77524
"HD 16275",0.1619,0.1717,0.1643,0.00279,13,0.655,-4.972,5.05,1,0,"HD 16275  ",39.27352,12.9019
"HD 17660",0.8094,0.9828,0.8685,0.04611,13,1.154,-4.6,1.33,1,0,"HD 17660  ",42.65372,15.70991
"HD 24496",0.1597,0.2069,0.1799,0.00925,220,0.684,-4.902,3.91,1,1,"HD 24496  ",58.61681,16.61605
"HD 24040",0.1494,0.1544,0.1523,9.7E-4,81,0.647,-5.046,6.58,1,0,"HD 24040  ",57.5957,17.47637
"HD 25825",0.3261,0.362,0.3408,0.00922,23,0.58,-4.398,0.39,1,0,"HD 25825  ",61.5672,15.69812
"HD 22072",0.1353,0.1406,0.1384,0.0012,24,0.858,-5.162,9.61,1,0,"HD 22072  ",53.53491,17.83283
"HD 21774",0.141,0.1454,0.143,0.0015,14,0.675,-5.122,8.48,1,0,"HD 21774  ",52.81426,20.76808
"HD 24213",0.1551,0.1739,0.1587,0.00417,23,0.572,-4.977,5.15,1,0,"HD 24213  ",58.04749,25.16308
"HD 13997",0.1629,0.2025,0.184,0.00996,11,0.759,-4.917,4.14,1,0,"HD 13997  ",34.11555,12.37977
"HD 10697",0.1466,0.1586,0.1535,0.00271,36,0.681,-5.047,6.6,1,0,"HD 10697  ",26.23261,20.08315
"HD 10476",0.1724,0.2241,0.1926,0.00798,180,0.801,-4.905,3.96,1,1,"HD 10476  ",25.62401,20.26851
"HD 12846",0.1654,0.1691,0.1675,7.6E-4,122,0.613,-4.937,4.45,1,0,"HD 12846  ",31.62601,24.33399
"HD 12661",0.1536,0.1599,0.1585,0.00107,60,0.704,-5.022,6.04,1,0,"HD 12661  ",31.14287,25.41431
"GL109",0.7033,1.244,0.8217,0.10669,36,1.382,-4.988,5.36,1,0,"GL109     ",41.06462,25.52337
"HD 17190",0.1972,0.2452,0.2177,0.01401,17,0.793,-4.82,2.88,1,0,"HD 17190  ",41.56336,25.6499
"HD 17382",0.3846,0.4648,0.4242,0.02027,40,0.788,-4.433,0.55,1,0,"HD 17382  ",42.03813,27.06864
"HD 18803",0.1657,0.2066,0.1802,0.00785,156,0.683,-4.9,3.88,1,1,"HD 18803  ",45.60844,26.60924
"HD 18143",0.1471,0.1914,0.1661,0.0109,74,0.984,-5.12,8.42,1,1,"HD 18143  ",43.91275,26.87322
"HD 15335",0.1458,0.1505,0.1477,0.00119,28,0.58,-5.061,6.92,1,0,"HD 15335  ",37.20206,29.93176
"HD 16397",0.1723,0.1782,0.1749,0.00138,16,0.541,-4.869,3.46,1,0,"HD 16397  ",39.61609,30.81663
"HD 19308",0.1551,0.1638,0.1578,0.00199,47,0.633,-5.005,5.68,1,1,"HD 19308  ",46.91418,36.61762
"HD 28343",1.336,1.747,1.5735,0.09526,30,1.357,-4.669,1.69,1,0,"HD 28343  ",67.25052,21.9227
"HD 26736",0.3355,0.3845,0.3515,0.01418,28,0.637,-4.413,0.46,1,0,"HD 26736  ",63.63464,23.57494
"HD 29883",0.1711,0.2025,0.1824,0.0083,66,0.851,-4.969,5.0,1,1,"HD 29883  ",70.89765,27.6874
"HD 24365",0.1727,0.1794,0.1757,0.00142,25,0.802,-4.97,5.02,1,0,"HD 24365  ",58.40727,28.14811
"HD 26161",0.1469,0.1544,0.1499,0.00151,63,0.543,-5.032,6.25,1,1,"HD 26161  ",62.4119,31.65213
"HD 281540",0.1978,0.2713,0.2063,0.02088,14,0.878,-4.912,4.06,1,0,"HD 281540 ",61.54901,32.95087
"HD 30708",0.149,0.1553,0.1529,0.00181,22,0.673,-5.05,6.65,1,0,"HD 30708  ",72.87268,35.81514
"HD 34411",0.1425,0.1536,0.1466,9.2E-4,210,0.622,-5.082,7.43,1,0,"HD 34411  ",79.78531,40.09905
"HD 37008",0.1685,0.1963,0.1791,0.00435,117,0.76,-4.938,4.46,1,1,"HD 37008  ",84.54942,51.44574
"HD 25329",0.1667,0.2016,0.1856,0.00877,95,0.891,-4.984,5.27,1,1,"HD 25329  ",60.81249,35.27328
"HD 21313",0.1462,0.1526,0.1501,0.0023,8,0.613,-5.052,6.71,1,0,"HD 21313  ",51.87246,34.80662
"HD 21847",0.2175,0.2365,0.2252,0.00564,19,0.494,-4.644,1.56,1,0,"HD 21847  ",53.16632,35.65929
"HD 23439",0.1718,0.1792,0.1761,9.3E-4,345,0.664,-4.912,4.05,1,0,"HD 23439  ",56.75881,41.42725
"HD 24341",0.1479,0.1516,0.1498,0.00106,14,0.679,-5.072,7.18,1,0,"HD 24341  ",58.7133,52.41986
"HD 30649",0.1683,0.1738,0.1712,0.00129,22,0.543,-4.89,3.74,1,0,"HD 30649  ",72.93156,45.83412
"HD 28005",0.156,0.167,0.1601,0.0026,56,0.675,-5.004,5.66,1,1,"HD 28005  ",66.85293,46.85315
"HD 37394",0.3347,0.4323,0.3734,0.02418,16,0.81,-4.522,0.97,1,0,"HD 37394  ",85.33473,53.48106
"HD 232979",1.464,1.971,1.623,0.07858,86,1.322,-4.601,1.34,1,0,"HD 232979 ",69.42054,52.89361
"HD 34575",0.1505,0.1551,0.1541,0.00128,17,0.715,-5.051,6.69,1,0,"HD 34575  ",80.58236,59.27791
"HD 8574",0.1725,0.1777,0.175,0.00134,34,0.556,-4.873,3.52,1,0,"HD 8574   ",21.30215,28.5667
"HD 12051",0.147,0.1612,0.1585,0.00132,683,0.746,-5.033,6.27,1,0,"HD 12051  ",29.77764,33.20968
"HD 9070",0.1892,0.2075,0.1969,0.00635,19,0.686,-4.83,2.99,1,0,"HD 9070   ",22.46402,31.00734
"HD 8375",0.1729,0.2108,0.1895,0.00991,30,0.838,-4.938,4.46,1,0,"HD 8375   ",20.90613,34.24587
"HD 9826",0.1521,0.1601,0.1553,0.00144,77,0.535,-4.989,5.37,1,0,"HD 9826   ",24.19934,41.40546
"HD 13931",0.1553,0.1628,0.1578,0.0012,57,0.617,-4.999,5.57,1,0,"HD 13931  ",34.19741,43.773
"HIP11048",1.526,2.112,1.721,0.12532,38,1.269,-4.491,0.83,1,0,"HIP11048  ",35.56102,47.88003
"HD 3765",0.1738,0.2254,0.1951,0.01492,299,0.889,-4.953,4.71,1,1,"HD 3765   ",10.20529,40.18717
"HIP1368",1.678,2.073,1.8485,0.10805,20,1.303,-4.515,0.94,1,0,"HIP1368   ",4.27656,40.9483
"HD 1326",0.4334,0.7079,0.5083,0.03827,377,1.317,-5.097,7.82,1,0,"HD 1326   ",4.59535,44.02295
"HD 1326B",0.6515,1.09,0.8186,0.12281,15,1.446,-5.082,7.43,1,0,"HD 1326B  ",4.6076,44.02725
"HD 38B",1.563,1.937,1.754,0.08824,27,1.361,-4.627,1.47,1,0,"HD 38B    ",1.42084,45.81038
"HD 38A",1.601,1.85,1.7555,0.06521,20,1.343,-4.6,1.33,1,0,"HD 38A    ",1.42093,45.8121
"HIP428",1.362,1.833,1.531,0.12047,28,1.29,-4.575,1.21,1,0,"HIP428    ",1.29537,45.78657
"HD 8328",0.1445,0.1463,0.1454,5.0E-4,14,0.674,-5.103,7.97,1,0,"HD 8328   ",20.86892,46.89063
"HD 6872B",0.1866,0.1938,0.1913,0.00186,16,0.456,-4.773,2.43,1,0,"HD 6872B  ",17.52987,51.74276
"HD 6872A",0.1757,0.1814,0.1781,0.00173,12,0.447,-4.838,3.08,1,0,"HD 6872A  ",17.5312,51.74667
"HD 9331",0.1528,0.1572,0.156,0.00133,12,0.701,-5.036,6.34,1,0,"HD 9331   ",23.25903,53.03376
"HD 5372",0.1718,0.1897,0.1799,0.00531,14,0.625,-4.876,3.55,1,0,"HD 5372   ",14.07236,52.49124
"HD 4614",0.1598,0.1651,0.1623,9.9E-4,90,0.552,-4.946,4.6,2,0,"HD 4614   ",12.27623,57.81518
"HD 4614B",1.238,1.728,1.403,0.12362,81,1.247,-4.544,1.07,1,0,"HD 4614B  ",12.27163,57.81783
"GL47",0.8965,1.525,1.0143,0.17601,10,1.358,-4.861,3.36,1,0,"GL47      ",15.33354,61.36574
"HD 20675",0.165,0.1803,0.1714,0.00343,26,0.458,-4.874,3.53,1,0,"HD 20675  ",50.46889,49.0709
"HD 19373",0.1496,0.156,0.152,0.00102,214,0.597,-5.033,6.28,1,0,"HD 19373  ",47.26675,49.61328
"HD 24238",0.1629,0.1698,0.1668,0.00107,86,0.758,-4.993,5.45,1,0,"HD 24238  ",58.76601,61.16681
"HIP16404",0.1414,0.1472,0.1448,0.00207,11,0.575,-5.083,7.46,1,0,"HIP16404  ",52.8225,66.73028
"HD 25665",0.2303,0.3454,0.2751,0.02756,57,0.9,-4.773,2.44,1,1,"HD 25665  ",62.396,69.54139
"HD 9518A",0.1473,0.1514,0.1501,0.00113,14,0.508,-5.022,6.04,1,0,"HD 9518A  ",23.75632,60.77926
"HD 10436",0.846,0.9945,0.9446,0.04331,19,1.142,-4.544,1.07,1,0,"HD 10436  ",25.91968,63.8234
"HD 10780",0.2554,0.3133,0.2706,0.01502,27,0.774,-4.671,1.7,1,0,"HD 10780  ",26.93681,63.8525
"HD 10145",0.1679,0.1769,0.1724,0.0015,27,0.66,-4.929,4.32,1,0,"HD 10145  ",25.40721,66.90994
"GL49",2.403,2.918,2.755,0.13864,13,1.296,-4.33,0.12,1,0,"GL49      ",15.66195,62.34505
"HD 9407",0.153,0.1667,0.1629,0.00131,776,0.669,-4.985,5.3,1,0,"HD 9407   ",23.6386,68.94814
"GL48",0.6912,1.112,0.9089,0.06811,54,1.345,-4.889,3.72,1,0,"GL48      ",15.63431,71.67982
"HD 24451",0.9582,1.23,1.0745,0.08286,12,1.11,-4.436,0.57,1,0,"HD 24451  ",60.33177,76.15937
"HD 7924",0.183,0.247,0.2117,0.01421,998,0.799,-4.842,3.13,1,1,"HD 7924   ",20.49631,76.71029
"HD 10790",0.1683,0.1764,0.1725,0.00198,29,0.77,-4.971,5.03,1,0,"HD 10790  ",27.48572,76.99231
"HD 74156",0.1422,0.1492,0.147,0.00136,104,0.582,-5.067,7.06,1,1,"HD 74156  ",130.60467,4.5781
"HD 76909",0.1432,0.1463,0.1445,9.2E-4,11,0.709,-5.114,8.27,1,0,"HD 76909  ",134.84325,7.41498
"HD 73667",0.1624,0.1788,0.1654,0.00318,58,0.75,-4.997,5.54,1,1,"HD 73667  ",129.96163,11.52267
"HIP47513",1.098,1.481,1.281,0.09176,45,1.327,-4.712,1.96,1,0,"HIP47513  ",145.29317,13.20956
"GL388",6.609,9.377,8.105,0.43208,35,1.354,-3.952,0.0,1,0,"GL388     ",154.90117,19.87
"HD 69809",0.1462,0.1509,0.1479,0.00164,14,0.663,-5.083,7.44,1,0,"HD 69809  ",124.80579,14.20068
"HD 68168",0.1568,0.1605,0.1583,9.0E-4,22,0.66,-5.01,5.8,1,0,"HD 68168  ",122.95495,16.52386
"HD 73344",0.1618,0.1812,0.1737,0.00496,204,0.545,-4.877,3.56,1,0,"HD 73344  ",129.68967,23.6859
"HD 65430",0.1559,0.1631,0.1573,0.0015,38,0.783,-5.048,6.61,1,0,"HD 65430  ",119.89142,20.84393
"HD 67767",0.1514,0.1875,0.1616,0.00938,25,0.793,-5.029,6.19,1,0,"HD 67767  ",122.61325,25.50733
"HD 75732",0.1488,0.2111,0.1689,0.01623,717,0.825,-5.008,5.74,2,1,"HD 75732  ",133.14921,28.33082
"HD 88371",0.1641,0.1669,0.1661,9.5E-4,20,0.602,-4.941,4.51,1,0,"HD 88371  ",152.95029,23.7552
"HD 97101B",1.047,1.581,1.2065,0.15028,38,1.29,-4.679,1.75,1,0,"HD 97101B ",167.76057,30.44481
"HD 97101",0.8993,1.223,1.0375,0.08773,122,1.305,-4.768,2.39,1,0,"HD 97101  ",167.77155,30.44602
"HD 92222A",0.3512,0.3799,0.3568,0.00892,11,0.715,-4.462,0.69,1,0,"HD 92222A ",159.8662,31.70499
"HD 88986",0.1455,0.1542,0.1512,0.00143,66,0.613,-5.044,6.53,1,0,"HD 88986  ",154.11701,28.68248
"HD 86728",0.1435,0.1491,0.1471,0.00102,209,0.663,-5.088,7.58,1,0,"HD 86728  ",150.25274,31.92367
"HD 87836",0.1466,0.1576,0.153,0.00313,10,0.686,-5.052,6.71,1,0,"HD 87836  ",152.1244,33.5146
"HD 87883",0.2191,0.2887,0.2679,0.01934,79,0.902,-4.789,2.58,1,1,"HD 87883  ",152.17975,34.24226
"HD 95735",0.3231,0.6999,0.4663,0.05816,316,1.324,-5.146,9.16,1,0,"HD 95735  ",165.83414,35.96988
"HIP57050",0.6841,1.026,0.8149,0.06597,106,1.441,-5.077,7.31,1,0,"HIP57050  ",175.43598,42.75197
"HD 95128",0.1548,0.1607,0.1593,0.00125,92,0.608,-4.986,5.31,2,0,"HD 95128  ",164.86655,40.43026
"GL412A",0.333,0.5586,0.3775,0.03428,163,1.323,-5.236,11.95,1,0,"GL412A    ",166.36907,43.52677
"HD 102158",0.1585,0.1601,0.1598,5.0E-4,12,0.557,-4.965,4.93,1,0,"HD 102158 ",176.37712,47.66688
"HIP57450",0.1543,0.1568,0.1555,9.4E-4,7,0.633,-5.02,6.0,1,0,"HIP57450  ",176.64648,50.88186
"HD 103829",0.1697,0.1738,0.1718,0.00133,10,0.64,-4.924,4.24,1,0,"HD 103829 ",179.38011,53.55418
"HIP46769",1.11,1.452,1.274,0.07381,36,1.281,-4.64,1.53,1,0,"HIP46769  ",142.98472,36.32023
"HD 89269",0.1594,0.1724,0.1671,0.00278,226,0.643,-4.951,4.68,1,1,"HD 89269  ",154.71645,44.04832
"HD 84035",0.3935,0.5633,0.4603,0.05264,66,1.113,-4.813,2.81,1,1,"HD 84035  ",145.85692,42.69156
"HD 84737",0.1401,0.147,0.1455,0.00102,114,0.606,-5.087,7.55,1,0,"HD 84737  ",147.14738,46.02101
"HD 88230",1.27,1.652,1.44,0.09293,45,1.258,-4.55,1.1,1,0,"HD 88230  ",152.84225,49.45424
"GL397",1.099,1.47,1.283,0.1048,31,1.275,-4.627,1.47,1,0,"GL397     ",157.8509,45.52605
"HD 98618",0.1524,0.156,0.1557,0.00113,14,0.623,-5.016,5.91,1,0,"HD 98618  ",170.37112,58.48436
"HD 65583",0.1603,0.1692,0.1669,0.00104,89,0.644,-4.953,4.71,1,0,"HD 65583  ",120.13387,29.21235
"HD 52711",0.1509,0.164,0.1577,0.00184,248,0.593,-4.991,5.42,1,1,"HD 52711  ",105.87691,29.33708
"HD 68017",0.1644,0.1821,0.1756,0.00281,179,0.598,-4.886,3.69,1,0,"HD 68017  ",122.91106,32.45716
"HD 265866",0.4333,0.8444,0.6103,0.04953,70,1.39,-5.13,8.69,1,0,"HD 265866 ",103.70399,33.26818
"HD 49674",0.1789,0.2086,0.1926,0.00676,60,0.708,-4.858,3.32,1,1,"HD 49674  ",102.87715,40.86776
"HD 48682",0.1546,0.1618,0.1573,0.00119,150,0.56,-4.983,5.25,1,0,"HD 48682  ",101.68474,43.57742
"HD 45350",0.1425,0.1647,0.1459,0.00421,61,0.713,-5.105,8.01,1,0,"HD 45350  ",97.19046,38.96296
"HD 40979",0.2191,0.2421,0.2293,0.00657,26,0.548,-4.646,1.56,1,0,"HD 40979  ",91.12476,44.26044
"HD 55575",0.1533,0.1591,0.1562,7.0E-4,135,0.557,-4.989,5.38,1,0,"HD 55575  ",108.95891,47.23996
"HD 51866",0.2742,0.3764,0.3156,0.02059,81,0.934,-4.74,2.16,1,1,"HD 51866  ",105.41078,48.37867
"HD 80606",0.1502,0.1589,0.1548,0.0019,80,0.735,-5.051,6.69,1,1,"HD 80606  ",140.65657,50.60373
"HD 233641",0.1475,0.1607,0.1551,0.00383,11,0.538,-4.991,5.42,1,0,"HD 233641 ",142.65048,52.78998
"HD 79211",1.445,1.961,1.7335,0.12324,20,1.336,-4.594,1.3,1,0,"HD 79211  ",138.60285,52.68636
"HD 79210",0.5956,2.484,2.253,0.38311,21,1.324,-4.462,0.69,1,0,"HD 79210  ",138.5949,52.68661
"HD 71881",0.1484,0.1563,0.1524,0.00211,19,0.602,-5.032,6.25,1,0,"HD 71881  ",127.97932,50.61669
"HD 90875",0.4631,0.8078,0.5458,0.07307,46,1.121,-4.751,2.25,1,1,"HD 90875  ",157.6958,59.75109
"HIP48714",2.136,2.647,2.452,0.14754,17,1.255,-4.315,0.08,1,0,"HIP48714  ",149.03613,62.78846
"HIP55360",0.6789,0.9743,0.8583,0.08189,32,1.278,-4.808,2.76,1,0,"HIP55360  ",170.02011,65.84649
"HIP36834",0.5046,0.9408,0.7013,0.10622,20,1.305,-4.938,4.47,1,0,"HIP36834  ",113.6143,62.94149
"HIP41689",0.7641,1.148,0.8676,0.05778,57,1.272,-4.793,2.62,1,1,"HIP41689  ",127.4847,61.72576
"HD 68988",0.1541,0.1667,0.1581,0.00334,46,0.634,-5.003,5.64,1,1,"HD 68988  ",124.59239,61.46072
"HIP42220",0.9121,1.262,1.058,0.08471,45,1.357,-4.841,3.12,1,0,"HIP42220  ",129.10611,67.29494
"HD 40647",0.3844,0.4636,0.4354,0.02179,19,0.747,-4.381,0.31,1,0,"HD 40647  ",91.52414,69.47618
"HD 42250",0.1584,0.1748,0.1607,0.00487,10,0.737,-5.019,5.97,1,0,"HD 42250  ",94.01117,70.78157
"HD 66171",0.1644,0.1765,0.1684,0.003,16,0.586,-4.922,4.2,1,0,"HD 66171  ",122.04393,71.92443
"GL445",0.395,0.6009,0.4568,0.05038,27,1.435,-5.32,14.94,1,0,"GL445     ",176.92245,78.69116
"HD 62613",0.1766,0.2213,0.1837,0.01031,69,0.694,-4.889,3.73,1,1,"HD 62613  ",119.07179,80.26554
"GL226",0.6369,1.363,0.7597,0.12743,27,1.356,-4.983,5.26,1,0,"GL226     ",92.58269,82.10676
"HD 130307",0.305,0.3874,0.3436,0.02101,30,0.857,-4.613,1.4,1,0,"HD 130307 ",221.81709,2.70323
"HD 130871",0.2175,0.2749,0.266,0.02325,5,0.907,-4.797,2.66,1,0,"HD 130871 ",222.58732,6.81493
"HD 139457",0.1442,0.1517,0.1493,0.00196,12,0.515,-5.029,6.2,1,0,"HD 139457 ",234.49673,10.23988
"HD 136925",0.1533,0.1602,0.157,0.00116,50,0.593,-4.996,5.51,1,0,"HD 136925 ",230.71695,13.36643
"HD 128311",0.5295,0.6532,0.5915,0.02877,74,0.93,-4.434,0.56,1,0,"HD 128311 ",219.00233,9.74652
"HD 130004",0.2394,0.3232,0.2756,0.02299,31,0.858,-4.731,2.1,1,0,"HD 130004 ",221.35076,13.84631
"GL569A",4.014,5.695,4.7425,0.51706,10,1.33,-4.147,0.0,1,0,"GL569A    ",223.62182,16.10105
"HD 132505",0.1439,0.1525,0.1477,0.0021,16,0.611,-5.07,7.13,1,0,"HD 132505 ",224.74249,17.32698
"HD 142267",0.1644,0.1754,0.1703,0.00242,27,0.56,-4.901,3.89,1,0,"HD 142267 ",238.3004,13.19663
"HD 135101A",0.1488,0.1517,0.1503,9.4E-4,18,0.671,-5.067,7.05,2,0,"HD 135101A",228.18117,19.28604
"HD 144287",0.1576,0.1686,0.1601,0.00291,64,0.709,-5.013,5.86,1,1,"HD 144287 ",241.01518,25.25479
"HIP70865",0.8217,1.392,1.118,0.12946,55,1.315,-4.752,2.26,1,0,"HIP70865  ",217.37374,15.53264
"HD 131156",0.413,0.4621,0.4414,0.01413,23,0.699,-4.331,0.12,2,0,"HD 131156 ",222.84742,19.10047
"HD 129814",0.164,0.1746,0.1678,0.00267,16,0.617,-4.937,4.45,1,0,"HD 129814 ",221.04872,18.46212
"HD 120136",0.1458,0.1584,0.1517,0.00292,50,0.484,-5.006,5.71,1,0,"HD 120136 ",206.81558,17.45689
"HD 122120",0.454,0.6709,0.5902,0.04047,75,1.146,-4.757,2.3,1,1,"HD 122120 ",209.83085,22.86975
"HD 131509",0.1423,0.1487,0.1439,0.00166,13,0.849,-5.131,8.72,1,0,"HD 131509 ",223.29966,28.50827
"HD 151288",1.029,1.33,1.197,0.05708,170,1.272,-4.654,1.61,1,0,"HD 151288 ",251.27646,33.50923
"HD 143291",0.1769,0.1848,0.1825,0.00273,8,0.709,-4.901,3.89,1,0,"HD 143291 ",239.63345,27.73999
"HD 143761",0.1382,0.1542,0.1496,0.00152,603,0.597,-5.051,6.69,1,0,"HD 143761 ",240.26109,33.30351
"HD 146362B",0.2141,0.3469,0.2427,0.01519,92,0.587,-4.621,1.44,1,0,"HD 146362 ",243.66828,33.85753
"HD 157214",0.1538,0.1592,0.1579,0.001,93,0.576,-4.984,5.28,1,0,"HD 157214 ",260.16486,32.46774
"HD 159222",0.1675,0.1878,0.1749,0.00449,131,0.615,-4.897,3.84,1,0,"HD 159222 ",263.00413,34.27115
"HIP84099",0.6426,0.9396,0.758,0.07755,24,1.393,-5.039,6.42,1,0,"HIP84099  ",257.89478,38.44275
"HD 160693",0.1752,0.177,0.1759,6.1E-4,6,0.536,-4.862,3.37,1,0,"HD 160693 ",264.90363,37.18375
"HIP84790",0.4801,0.6293,0.5859,0.05148,6,1.37,-5.117,8.35,1,0,"HIP84790  ",259.96963,41.71381
"GL694",0.8414,1.183,0.9914,0.08314,45,1.355,-4.867,3.43,1,0,"GL694     ",265.98318,43.37861
"HD 151877",0.1929,0.2322,0.214,0.01296,10,0.788,-4.828,2.97,1,0,"HD 151877 ",252.14798,37.01337
"HD 152792",0.1457,0.1509,0.1474,0.00113,19,0.628,-5.078,7.32,1,0,"HD 152792 ",253.3847,42.82485
"HD 154345",0.1939,0.2415,0.2161,0.01253,227,0.697,-4.766,2.37,1,1,"HD 154345 ",255.65168,47.08188
"HD 159062",0.1656,0.1785,0.1701,0.0028,83,0.671,-4.946,4.59,1,1,"HD 159062 ",262.56845,47.40219
"HD 144579",0.1642,0.1677,0.1664,6.6E-4,122,0.656,-4.96,4.84,1,0,"HD 144579 ",241.23664,39.15651
"HD 145675",0.1514,0.2042,0.1613,0.01102,241,0.829,-5.042,6.49,1,1,"HD 145675 ",242.60132,43.81764
"HD 139323",0.1727,0.2739,0.2062,0.01695,220,0.894,-4.925,4.25,1,1,"HD 139323 ",233.98569,39.83112
"HD 141399",0.1499,0.1673,0.162,0.00177,397,0.729,-5.009,5.77,1,0,"HD 141399 ",236.72422,46.98626
"HD 153525",0.5,0.6435,0.566,0.04124,28,0.95,-4.48,0.78,1,0,"HD 153525 ",254.42595,47.36214
"HD 153557",0.4861,0.5795,0.5178,0.02666,24,0.916,-4.478,0.77,1,0,"HD 153557 ",254.47158,47.36668
"HD 156985",0.2293,0.3167,0.2646,0.01942,157,0.925,-4.819,2.88,1,1,"HD 156985 ",259.4601,52.44711
"GL625",0.4811,0.9123,0.5796,0.08567,40,1.351,-5.093,7.7,1,0,"GL625     ",246.3526,54.3041
"GL528B",0.7838,1.014,0.8442,0.06289,12,1.169,-4.638,1.52,1,0,"GL528B    ",207.2668,26.97895
"HD 120476A",0.5313,0.6774,0.5928,0.03953,14,1.063,-4.623,1.44,2,0,"HD 120476A",207.26668,26.97993
"HD 124642",0.6991,0.8908,0.7782,0.039,35,1.044,-4.473,0.75,1,0,"HD 124642 ",213.48783,30.21719
"HD 122652",0.2054,0.2319,0.2164,0.00824,21,0.522,-4.681,1.76,1,0,"HD 122652 ",210.63183,31.66086
"HD 118914",0.1471,0.1499,0.1483,7.5E-4,9,0.664,-5.08,7.37,1,0,"HD 118914 ",204.83846,31.77416
"HD 112257",0.1799,0.1901,0.1848,0.00275,24,0.65,-4.864,3.4,1,0,"HD 112257 ",193.78443,27.76636
"HIP66459",1.324,1.554,1.413,0.06493,25,1.336,-4.683,1.78,1,0,"HIP66459  ",204.36987,35.71776
"HD 127334",0.1453,0.1543,0.1503,0.00149,317,0.682,-5.069,7.11,1,1,"HD 127334 ",217.40337,41.79591
"HD 110897",0.1554,0.166,0.1585,0.00218,90,0.533,-4.966,4.95,1,0,"HD 110897 ",191.24752,39.27892
"HD 112914",0.2636,0.3417,0.271,0.0219,31,0.896,-4.777,2.47,0,0,"HD 112914 ",194.8866,41.98677
"HD 109358",0.1581,0.1704,0.1651,0.00227,155,0.575,-4.937,4.45,1,1,"HD 109358 ",188.4356,41.35748
"HD 105631",0.2609,0.3554,0.2855,0.01418,133,0.759,-4.627,1.47,1,0,"HD 105631 ",182.40523,40.25206
"HD 104556",0.1306,0.1364,0.1337,0.00133,22,0.836,-5.186,10.36,1,0,"HD 104556 ",180.62048,43.08408
"HD 116956",0.4569,0.525,0.4814,0.01467,36,0.779,-4.359,0.22,1,0,"HD 116956 ",201.43972,56.97049
"HD 139477",0.7515,0.8361,0.7729,0.02328,21,1.047,-4.48,0.78,1,0,"HD 139477 ",233.83352,60.08699
"HD 128165",0.2645,0.354,0.3129,0.01734,40,0.95,-4.763,2.35,1,0,"HD 128165 ",218.37028,52.90879
"HD 132142",0.1756,0.1819,0.1793,9.1E-4,64,0.726,-4.923,4.22,1,0,"HD 132142 ",223.79602,53.68035
"HD 156279",0.1604,0.1884,0.1745,0.00652,92,0.745,-4.952,4.7,1,1,"HD 156279 ",258.09669,63.35209
"HD 158633",0.1674,0.1859,0.1735,0.00477,104,0.707,-4.942,4.53,1,1,"HD 158633 ",261.25041,67.30671
"GL687",0.5302,0.7797,0.6242,0.04928,140,1.375,-5.098,7.83,1,0,"GL687     ",264.10791,68.33914
"HD 147379A",1.368,1.666,1.527,0.07852,23,1.328,-4.636,1.51,1,0,"HD 147379 ",244.17811,67.23884
"HD 147379B",1.272,1.599,1.371,0.08019,27,1.413,-4.811,2.8,1,0,"HD 147379B",244.18881,67.25624
"HD 151541",0.1598,0.1649,0.1632,0.00109,66,0.728,-5.002,5.63,1,0,"HD 151541 ",250.66074,68.10216
"HD 147231",0.1542,0.1666,0.1555,0.0038,9,0.668,-5.031,6.23,1,0,"HD 147231 ",243.70937,70.92967
"HD 122064",0.2083,0.3084,0.2473,0.03031,217,0.977,-4.91,4.03,1,1,"HD 122064 ",209.38358,61.49286
"HIP71898",0.4941,0.8166,0.5654,0.07589,26,1.339,-5.085,7.51,1,0,"HIP71898  ",220.5899,66.05579
"HD 200565",0.1982,0.2212,0.2061,0.00668,9,0.591,-4.746,2.21,1,0,"HD 200565 ",316.02368,3.98066
"HD 202575",0.7451,0.8673,0.8031,0.0344,23,0.975,-4.356,0.2,1,0,"HD 202575 ",319.13528,9.39383
"HD 196201",0.1638,0.1896,0.1704,0.00705,12,0.679,-4.947,4.62,1,0,"HD 196201 ",308.8593,11.35713
"HD 210460",0.2126,0.2674,0.2239,0.0187,13,0.683,-4.732,2.11,1,0,"HD 210460 ",332.57926,19.61634
"HD 209458",0.157,0.1638,0.1603,0.00171,51,0.551,-4.959,4.83,1,1,"HD 209458 ",330.79489,18.88432
"HD 208038",0.4878,0.5463,0.5083,0.0152,33,0.877,-4.439,0.58,1,0,"HD 208038 ",328.27231,20.93052
"HD 190067",0.1655,0.1882,0.1743,0.00561,113,0.693,-4.933,4.38,1,0,"HD 190067 ",300.64231,15.59207
"HD 191785",0.1568,0.1673,0.1624,0.00155,51,0.788,-5.024,6.08,1,0,"HD 191785 ",302.77531,16.188
"HD 197076",0.1693,0.1933,0.1783,0.00689,213,0.595,-4.871,3.49,1,1,"HD 197076 ",310.18809,19.93554
"HD 195019",0.1547,0.1617,0.1604,0.00141,33,0.635,-4.989,5.36,1,0,"HD 195019 ",307.07765,18.76949
"HD 195019B",0.6661,0.8029,0.7693,0.04742,7,1.237,-4.788,2.58,1,0,"HD 195019B",307.07716,18.77038
"HD 190406",0.1746,0.2158,0.1815,0.00522,189,0.583,-4.85,3.23,1,1,"HD 190406 ",301.02592,17.07019
"HD 189733",0.486,0.5535,0.5099,0.01283,126,0.883,-4.445,0.61,1,0,"HD 189733 ",300.18214,22.71085
"HD 190404",0.1599,0.1652,0.1631,0.00101,55,0.737,-5.005,5.7,1,0,"HD 190404 ",300.9672,23.34069
"HD 193795",0.1547,0.1587,0.1564,0.00135,13,0.631,-5.013,5.86,1,0,"HD 193795 ",305.31346,28.10683
"HD 198425",0.3791,0.5261,0.4273,0.02988,33,0.898,-4.548,1.09,1,0,"HD 198425 ",312.31763,32.28479
"HD 201092",0.7206,1.096,0.8763,0.08626,296,1.08,-4.476,0.76,1,0,"HD 201092 ",316.73027,38.74204
"HD 201091",0.4956,0.7025,0.5871,0.04116,291,1.153,-4.77,2.41,1,1,"HD 201091 ",316.72475,38.74942
"HD 208313",0.2174,0.344,0.2615,0.02874,78,0.872,-4.774,2.44,1,1,"HD 208313 ",328.68766,32.32857
"HD 213472",0.1419,0.1501,0.1463,0.00113,63,0.651,-5.092,7.67,1,0,"HD 213472 ",337.70822,40.72206
"HD 219538",0.1927,0.2815,0.2361,0.0166,80,0.846,-4.809,2.77,1,1,"HD 219538 ",349.07566,30.67021
"HD 218868",0.1701,0.223,0.2001,0.01128,148,0.732,-4.842,3.13,1,1,"HD 218868 ",347.70866,45.51227
"HD 220221",0.5046,0.6435,0.566,0.04484,29,0.996,-4.545,1.08,1,0,"HD 220221 ",350.43521,45.17605
"HD 213519",0.1504,0.1541,0.1531,0.00107,19,0.623,-5.033,6.29,1,0,"HD 213519 ",337.77385,45.1451
"HD 239960",0.6674,2.782,0.8526,0.32034,48,1.397,-4.995,5.49,1,1,"HD 239960 ",336.9978,57.6959
"HD 219134",0.2017,0.3322,0.2465,0.03187,575,0.971,-4.904,3.95,1,1,"HD 219134 ",348.32073,57.16836
"HD 221354",0.1515,0.1645,0.1564,0.00171,467,0.795,-5.055,6.78,1,1,"HD 221354 ",352.84254,59.16552
"HD 187237",0.2005,0.2372,0.2114,0.0118,16,0.621,-4.74,2.17,1,0,"HD 187237 ",297.00367,27.86953
"HD 188015",0.1556,0.1764,0.1613,0.00519,38,0.694,-5.003,5.64,1,0,"HD 188015 ",298.01893,28.10037
"HD 190360",0.1416,0.1516,0.146,0.00139,280,0.725,-5.105,8.03,1,0,"HD 190360 ",300.90585,29.8968
"HD 177830",0.1236,0.1322,0.1296,0.00118,135,1.049,-5.311,14.63,1,0,"HD 177830 ",286.33655,25.92066
"HD 176377",0.1719,0.1925,0.1805,0.0029,176,0.572,-4.85,3.23,1,0,"HD 176377 ",284.71251,30.18064
"HD G207-019",0.542,0.735,0.6457,0.05899,9,1.388,-5.102,7.93,0,0,"G207-019  ",287.12469,32.281
"HD 178911B",0.1633,0.1989,0.1816,0.00744,37,0.718,-4.909,4.01,1,0,"HD 178911B",287.26291,34.59985
"HD 183650",0.1468,0.1524,0.1495,0.00105,43,0.692,-5.077,7.29,1,0,"HD 183650 ",292.33935,31.60866
"HD 182488",0.1499,0.1778,0.1626,0.0052,282,0.76,-5.015,5.89,1,1,"HD 182488 ",290.89172,33.22197
"HD 187123",0.1518,0.1583,0.1565,0.00105,81,0.637,-5.015,5.89,1,0,"HD 187123 ",296.74213,34.41952
"HD 192020",0.4284,0.499,0.4579,0.01987,17,0.833,-4.441,0.59,1,0,"HD 192020 ",302.85466,38.40014
"HD 196850",0.1566,0.1648,0.1612,0.001,121,0.612,-4.975,5.11,1,0,"HD 196850 ",309.66746,38.63509
"HIP103269",0.1685,0.1806,0.1732,0.00411,7,0.637,-4.915,4.11,1,0,"HIP103269 ",313.81981,42.30019
"GL806",0.8217,1.302,1.037,0.09937,80,1.337,-4.819,2.88,1,0,"GL806     ",311.26708,44.49907
"HIP91699",0.5147,1.193,0.9457,0.16883,17,1.375,-4.917,4.13,1,0,"HIP91699  ",280.49598,31.83049
"HD 177153",0.1322,0.1364,0.135,0.00118,24,0.555,-5.172,9.92,1,0,"HD 177153 ",285.41533,41.49009
"HD LHS462",0.5419,0.6316,0.5904,0.02953,7,1.396,-5.153,9.35,0,0,"LHS462    ",274.51761,38.77572
"GL4063",0.9804,1.073,1.003,0.031,7,1.459,-5.012,5.83,1,0,"GL4063    ",278.65272,40.124
"HD G205-028",0.896,1.317,0.956,0.15971,6,1.39,-4.934,4.4,0,0,"G205-028  ",277.99323,40.68639
"HD 167389",0.2408,0.2892,0.2599,0.01033,16,0.589,-4.575,1.21,1,0,"HD 167389 ",273.28011,41.47536
"HD 168009",0.1466,0.1665,0.1598,0.0028,145,0.621,-4.988,5.34,1,1,"HD 168009 ",273.88526,45.20932
"HD 173701",0.1797,0.2084,0.1916,0.00684,40,0.795,-4.906,3.97,1,0,"HD 173701 ",281.14633,43.83327
"HD 179957",0.1706,0.1878,0.1753,0.0014,162,0.65,-4.91,4.02,1,0,"HD 179957 ",288.0195,49.85389
"HD 179958",0.1691,0.1761,0.172,9.3E-4,149,0.644,-4.925,4.25,1,0,"HD 179958 ",288.02094,49.85575
"HD 186408",0.1438,0.1563,0.1511,0.00201,210,0.638,-5.052,6.72,1,1,"HD 186408 ",295.45397,50.52506
"HD 186427",0.1448,0.1619,0.153,0.00172,314,0.648,-5.042,6.48,1,0,"HD 186427 ",295.46655,50.51752
"HD 185414",0.1747,0.1918,0.1834,0.00386,95,0.599,-4.848,3.2,1,0,"HD 185414 ",293.98164,56.98391
"HD 180161",0.3531,0.4115,0.3827,0.01761,33,0.77,-4.471,0.74,1,0,"HD 180161 ",288.04732,57.67198
"HD 167042",0.1437,0.1571,0.151,0.00198,168,0.926,-5.129,8.67,1,0,"HD 167042 ",272.63183,54.28655
"HD 173740",0.4309,0.8264,0.6126,0.08235,41,1.422,-5.174,9.98,1,0,"HD 173740 ",280.69539,59.62687
"HD 173739",0.3509,0.5554,0.4292,0.04389,46,1.367,-5.248,12.39,1,0,"HD 173739 ",280.6946,59.63039
"HD 199305",1.262,1.765,1.5695,0.10593,96,1.266,-4.525,0.99,1,1,"HD 199305 ",313.33245,62.15439
"HIP106924",0.1787,0.1859,0.1842,0.00277,5,0.582,-4.836,3.07,1,0,"HIP106924 ",324.81729,60.28383
"HD 218209",0.179,0.1956,0.1879,0.00432,16,0.587,-4.821,2.9,1,0,"HD 218209 ",346.27538,68.41706
"HD 218168",0.2874,0.3099,0.294,0.00741,8,0.578,-4.489,0.82,1,0,"HD 218168 ",346.00915,74.47742
"GL793",0.9543,2.023,1.497,0.22586,24,1.376,-4.719,2.01,1,0,"GL793     ",307.63352,65.44956
"HD 185144",0.1813,0.2329,0.2066,0.01044,1028,0.769,-4.84,3.11,1,1,"HD 185144 ",293.08996,69.66118
"HD 199476",0.1692,0.1761,0.1753,0.00156,30,0.638,-4.905,3.95,1,0,"HD 199476 ",312.93726,74.78033
"HD 193202",0.7112,1.068,0.9064,0.0843,78,1.274,-4.777,2.47,1,0,"HD 193202 ",302.71841,77.23897
"HD 216520",0.1713,0.2202,0.1921,0.01042,536,0.803,-4.908,4.0,1,1,"HD 216520 ",341.88282,83.69703
"HD 211681",0.1736,0.1996,0.1885,0.00857,11,0.692,-4.867,3.44,1,0,"HD 211681 ",331.70445,85.40938
"HD 225213",0.2907,0.4734,0.3489,0.0404,85,1.322,-5.269,13.09,1,0,"HD 225213 ",1.35179,-37.35736
"HD 223691",0.138,0.1487,0.1459,0.00348,7,0.703,-5.104,7.98,1,0,"HD 223691 ",357.95283,-33.45249
"HD 2025",0.2682,0.3503,0.2931,0.02447,21,0.879,-4.718,2.01,1,0,"HD 2025   ",6.10806,-27.02677
"HD 283",0.1835,0.1986,0.1937,0.00483,13,0.732,-4.866,3.42,1,0,"HD 283    ",1.88559,-23.81872
"HIP117886",1.478,2.007,1.64,0.12155,27,1.262,-4.501,0.88,1,0,"HIP117886 ",358.69294,-21.77451
"HD 224619",0.1622,0.1761,0.1638,0.00252,78,0.693,-4.988,5.36,1,1,"HD 224619 ",359.86847,-20.03471
"HD 4208",0.1908,0.1968,0.1935,0.00133,23,0.623,-4.812,2.81,1,0,"HD 4208   ",11.11104,-26.51568
"HD 3795",0.1738,0.1778,0.1768,9.8E-4,20,0.684,-4.917,4.13,1,0,"HD 3795   ",10.13664,-23.80492
"HD 4747",0.2244,0.2868,0.2492,0.01564,53,0.736,-4.694,1.85,1,1,"HD 4747   ",12.3615,-23.21246
"HD 4307",0.1414,0.1473,0.1461,0.00113,58,0.597,-5.079,7.36,1,0,"HD 4307   ",11.36953,-12.88081
"HD 217357",1.272,1.912,1.57,0.11433,57,1.32,-4.612,1.39,1,0,"HD 217357 ",345.06718,-22.52435
"HD 219834B",0.1653,0.2164,0.1778,0.01387,55,0.85,-4.985,5.29,1,1,"HD 219834B",349.77734,-13.45525
"HD 223315",0.2086,0.2333,0.2179,0.0068,11,0.705,-4.765,2.37,1,0,"HD 223315 ",357.15386,-15.21063
"HD 1388",0.1593,0.1631,0.1612,0.00113,17,0.584,-4.965,4.92,1,0,"HD 1388   ",4.49529,-13.45564
"HD 1461",0.1516,0.1689,0.159,0.00265,846,0.669,-5.009,5.76,1,1,"HD 1461   ",4.67445,-8.053
"HD 224383",0.1561,0.1586,0.157,8.3E-4,16,0.631,-5.009,5.77,1,0,"HD 224383 ",359.38966,-9.64752
"HD 220339",0.2184,0.3051,0.2312,0.01861,70,0.831,-4.81,2.78,1,1,"HD 220339 ",350.7704,-10.76424
"HD 222582",0.1633,0.1724,0.1688,0.00213,40,0.63,-4.937,4.44,1,0,"HD 222582 ",355.46471,-5.98576
"HD 10700",0.1547,0.1724,0.1674,0.00121,944,0.664,-4.958,4.8,1,0,"HD 10700  ",26.01701,-15.93748
"HD 8389",0.166,0.2271,0.1746,0.01215,70,0.855,-5.0,5.58,1,1,"HD 8389   ",20.76099,-12.96607
"HD 11964A",0.1311,0.1382,0.1366,0.00109,122,0.775,-5.171,9.88,1,0,"HD 11964A ",29.29003,-10.24243
"HD 9562",0.147,0.1531,0.1499,0.0011,48,0.619,-5.056,6.79,2,1,"HD 9562   ",23.42848,-7.02534
"HD 10008",0.3886,0.4526,0.4238,0.01347,37,0.768,-4.414,0.46,1,0,"HD 10008  ",24.39778,-6.76042
"HD 8765",0.1866,0.2058,0.1925,0.00568,32,0.687,-4.848,3.2,1,0,"HD 8765   ",21.57996,-4.67404
"HD 13612B",0.1648,0.1782,0.1728,0.00481,15,0.667,-4.93,4.33,1,0,"HD 13612B ",33.19434,-2.39633
"HIP10449",0.1763,0.1822,0.1801,0.00162,9,0.511,-4.833,3.03,1,0,"HIP10449  ",33.66791,-1.20142
"HD 16141",0.1501,0.1542,0.1515,9.5E-4,43,0.643,-5.051,6.68,1,0,"HD 16141  ",38.83304,-3.5606
"HD 16287",0.5464,0.6371,0.5745,0.02781,13,0.905,-4.415,0.46,1,0,"HD 16287  ",39.17401,-3.15614
"HD 13043",0.1552,0.165,0.1593,0.00171,154,0.606,-4.986,5.31,1,0,"HD 13043  ",31.8928,-0.61742
"GL87",0.4238,0.7503,0.6084,0.06305,69,1.294,-4.983,5.26,1,0,"GL87      ",33.08745,3.57562
"HD 4915",0.1773,0.2202,0.1887,0.01108,98,0.632,-4.838,3.08,1,1,"HD 4915   ",12.7952,-5.03928
"HD 6558",0.1598,0.1725,0.1638,0.00337,27,0.588,-4.95,4.66,1,0,"HD 6558   ",16.60716,-0.74945
"HD 6734",0.1421,0.1481,0.1459,0.00117,70,0.825,-5.116,8.31,1,0,"HD 6734   ",16.9986,1.99305
"HD 4256",0.1927,0.3043,0.2396,0.0224,233,0.955,-4.902,3.9,1,1,"HD 4256   ",11.27039,1.78552
"HD 6101",0.4676,0.5914,0.5211,0.02725,36,0.869,-4.417,0.48,0,0,"HD 6101   ",15.6023,5.06156
"HD 4628",0.1794,0.2368,0.1927,0.01381,298,0.85,-4.934,4.39,1,1,"HD 4628   ",12.09573,5.28061
"HD 8648",0.1561,0.1598,0.1588,9.4E-4,25,0.644,-5.002,5.63,1,0,"HD 8648   ",21.33378,1.46086
"HIP8051",0.9062,1.307,1.024,0.1183,31,1.353,-4.849,3.22,1,0,"HIP8051   ",25.83408,4.32166
"HD 10853",0.7574,0.9493,0.8263,0.05007,34,1.03,-4.425,0.51,0,0,"HD 10853  ",26.66132,12.41177
"HD 9986",0.1681,0.1868,0.1762,0.00395,165,0.626,-4.895,3.81,1,1,"HD 9986   ",24.42033,12.07838
"HD 211038",0.131,0.1354,0.1345,0.00118,11,0.872,-5.185,10.3,1,0,"HD 211038 ",333.65925,-15.81853
"HD 210277",0.1448,0.1548,0.1525,0.00116,127,0.733,-5.064,7.0,1,0,"HD 210277 ",332.37444,-7.54866
"HD 215152",0.2168,0.2866,0.2485,0.01526,64,0.922,-4.849,3.21,1,1,"HD 215152 ",340.83876,-6.40082
"HD 211080",0.1314,0.1406,0.1368,0.00178,42,0.672,-5.174,9.98,1,0,"HD 211080 ",333.69495,-5.88655
"HD 210392",0.1452,0.1499,0.1467,0.00185,5,0.669,-5.092,7.69,1,0,"HD 210392 ",332.54992,-4.92878
"HIP109388",0.903,1.227,1.025,0.05803,111,1.375,-4.882,3.63,1,0,"HIP109388 ",332.4181,-4.64074
"HD 221356",0.1531,0.157,0.1556,0.00115,15,0.521,-4.983,5.26,1,0,"HD 221356 ",352.88126,-4.0874
"HD 217877",0.1509,0.1536,0.1525,6.9E-4,16,0.562,-5.018,5.96,1,0,"HD 217877 ",345.98864,-4.79486
"HD 218566",0.2033,0.3099,0.2349,0.02793,80,0.953,-4.91,4.03,1,1,"HD 218566 ",347.2947,-2.26075
"HD 219542",0.1731,0.2007,0.188,0.01004,10,0.659,-4.854,3.27,2,0,"HD 219542 ",349.14683,-1.58652
"HIP114914",0.152,0.177,0.1615,0.00528,16,0.607,-4.972,5.05,2,0,"HIP114914 ",349.14683,-1.58652
"HD 222697",0.3895,0.4595,0.4538,0.029,8,0.753,-4.365,0.24,1,0,"HD 222697 ",355.73564,0.23974
"HD 217107",0.1446,0.1516,0.1487,0.00104,120,0.721,-5.087,7.55,1,0,"HD 217107 ",344.56475,-2.39538
"HD 208801",0.1352,0.1396,0.1375,0.0011,17,0.972,-5.213,11.2,1,0,"HD 208801 ",329.72911,-4.37311
"HD 209875",0.1439,0.1515,0.1487,0.00219,12,0.521,-5.035,6.33,1,0,"HD 209875 ",331.63821,1.85714
"HD 209290",1.546,1.939,1.712,0.09206,70,1.257,-4.474,0.75,1,0,"HD 209290 ",330.54281,1.40023
"HD 202751",0.1978,0.2558,0.2079,0.01199,91,0.959,-4.978,5.17,1,1,"HD 202751 ",319.51239,0.16158
"HD 207874",0.161,0.1945,0.1695,0.01212,11,0.835,-5.01,5.78,1,0,"HD 207874 ",328.02722,1.90643
"HD 206387",0.4638,0.4802,0.4668,0.00657,8,0.617,-4.24,0.0,1,0,"HD 206387 ",325.43213,6.42084
"HD 214683",0.4644,0.5416,0.4944,0.02382,40,0.896,-4.475,0.76,1,0,"HD 214683 ",339.96153,4.11612
"HD 217165",0.1581,0.1668,0.1619,0.00242,16,0.573,-4.956,4.77,1,0,"HD 217165 ",344.62449,9.82556
"HD 216259",0.1689,0.2003,0.1797,0.00675,269,0.752,-4.932,4.37,1,1,"HD 216259 ",342.85983,13.96998
"HD 212291",0.186,0.2207,0.1974,0.00875,50,0.659,-4.814,2.82,1,0,"HD 212291 ",335.78823,9.46108
"HD 210312",0.1438,0.1582,0.1505,0.00526,5,0.678,-5.067,7.05,1,0,"HD 210312 ",332.31509,13.67089
"GL908",0.3903,0.8073,0.5439,0.06382,147,1.303,-5.045,6.56,1,0,"GL908     ",357.30219,2.40122
"HD 223498",0.1487,0.153,0.1517,0.00118,10,0.714,-5.066,7.04,1,0,"HD 223498 ",357.52395,2.87717
"HD 223238",0.1512,0.1566,0.1529,0.00147,11,0.622,-5.035,6.31,1,0,"HD 223238 ",356.96836,4.17548
"HD 377",0.3421,0.3829,0.3708,0.01246,26,0.603,-4.361,0.22,1,0,"HD 377    ",2.10727,6.6168
"HD 531B",0.4227,0.4713,0.4452,0.01551,11,0.674,-4.307,0.07,1,0,"HD 531B   ",2.46373,8.4533
"HD 531A",0.4332,0.4607,0.4481,0.0089,8,0.669,-4.299,0.05,1,0,"HD 531A   ",2.4652,8.45317
"HD 224983",0.1884,0.2409,0.2008,0.01706,31,0.838,-4.9,3.88,1,0,"HD 224983 ",0.58976,11.00624
"HD 5470",0.1775,0.1905,0.1791,0.0036,12,0.611,-4.874,3.52,1,0,"HD 5470   ",14.1676,17.95982
"HD 1832",0.1781,0.1866,0.1823,0.00295,17,0.631,-4.867,3.43,1,0,"HD 1832   ",5.75087,22.375
"HD 4203",0.1428,0.1502,0.1473,0.00124,51,0.722,-5.096,7.79,1,0,"HD 4203   ",11.17167,20.44893
"HD 3651",0.1588,0.1879,0.1665,0.00665,157,0.829,-5.02,5.99,1,1,"HD 3651   ",9.84086,21.25048
"HIP115332",0.9484,1.376,1.093,0.11566,14,1.438,-4.946,4.59,1,0,"HIP115332 ",350.40604,17.29039
"HD 216899",1.26,2.077,1.4635,0.20403,40,1.297,-4.607,1.36,1,0,"HD 216899 ",344.14502,16.55343
"HD 215578",0.1283,0.1358,0.1314,0.00198,23,0.988,-5.25,12.43,1,0,"HD 215578 ",341.49338,19.25026
"HD 217014",0.1474,0.1543,0.1521,0.00111,90,0.653,-5.05,6.65,1,0,"HD 217014 ",344.36659,20.76883
"HD 225261",0.1693,0.1765,0.1727,0.00216,11,0.682,-4.936,4.43,1,0,"HD 225261 ",1.23467,23.26963
"GL26",0.6164,1.114,0.8655,0.12076,20,1.348,-4.915,4.1,1,0,"GL26      ",9.74602,30.61622
"HD 166",0.3976,0.4551,0.4201,0.01317,49,0.726,-4.381,0.31,1,0,"HD 166    ",1.65327,29.0215
"HD 219953",0.1706,0.1758,0.1729,0.00162,8,0.73,-4.954,4.73,1,0,"HD 219953 ",349.99281,28.86777
"HD 221851",0.267,0.3399,0.2954,0.01472,40,0.824,-4.662,1.65,1,0,"HD 221851 ",353.85671,31.16131
"HD 45184",0.1564,0.1774,0.166,0.0042,361,0.613,-4.946,4.6,1,0,"HD 45184  ",96.18283,-28.78012
"HD 45588",0.1475,0.1577,0.1528,0.00243,19,0.535,-5.007,5.74,1,0,"HD 45588  ",96.79735,-25.8565
"HD 37962",0.1867,0.2036,0.1931,0.00465,15,0.613,-4.809,2.78,1,0,"HD 37962  ",85.21652,-31.35111
"HD 35974",0.1378,0.1458,0.1414,0.00245,16,0.58,-5.115,8.29,1,0,"HD 35974  ",81.77773,-31.56617
"HD 37213",0.1428,0.1455,0.1447,8.7E-4,8,0.687,-5.11,8.16,1,0,"HD 37213  ",83.92118,-27.62083
"HD 48938",0.153,0.1569,0.1557,0.00104,19,0.526,-4.984,5.27,1,0,"HD 48938  ",101.21647,-27.34167
"HD 43745",0.1393,0.1449,0.1432,0.00163,15,0.556,-5.092,7.68,1,0,"HD 43745  ",94.26499,-22.71523
"HD 42581",1.291,1.729,1.542,0.09687,39,1.289,-4.571,1.19,1,0,"HD 42581  ",92.64423,-21.86463
"HD 38392",0.4131,0.4904,0.4629,0.02124,25,0.997,-4.638,1.52,1,0,"HD 38392  ",86.11057,-22.42184
"HIP23512",0.6074,0.9232,0.7372,0.09486,21,1.41,-5.076,7.29,1,0,"HIP23512  ",75.83369,-17.37353
"HIP22762",0.7192,1.53,0.8122,0.12408,66,1.339,-4.928,4.31,1,0,"HIP22762  ",73.45825,-17.77342
"HD 34721",0.142,0.1479,0.1464,8.1E-4,86,0.558,-5.065,7.0,1,0,"HD 34721  ",79.7103,-18.13005
"HD 40397",0.1448,0.1511,0.1495,9.4E-4,82,0.668,-5.072,7.17,1,0,"HD 40397  ",89.58973,-4.65067
"HD 38858",0.1611,0.1732,0.1666,0.0021,121,0.609,-4.941,4.51,1,0,"HD 38858  ",87.14558,-4.09464
"HD 56274",0.1622,0.1728,0.1653,0.00331,12,0.564,-4.931,4.36,1,0,"HD 56274  ",108.96165,-13.04948
"HD 50639",0.1625,0.1751,0.1696,0.00254,17,0.539,-4.898,3.85,1,0,"HD 50639  ",103.43678,-9.51546
"HD 52919",0.3929,0.5504,0.4431,0.05126,35,1.064,-4.754,2.28,1,0,"HD 52919  ",105.67882,-6.79923
"HD 60491",0.5219,0.5898,0.5418,0.01528,28,0.836,-4.36,0.22,1,0,"HD 60491  ",113.60903,-6.89668
"HD 61606",0.483,0.5371,0.512,0.01154,35,0.917,-4.484,0.8,1,0,"HD 61606  ",114.9972,-3.59751
"HIP36338",0.5525,0.762,0.5837,0.06311,24,1.382,-5.137,8.89,1,0,"HIP36338  ",112.18933,-3.29814
"HD 71479",0.1449,0.1511,0.1484,0.00177,14,0.619,-5.067,7.06,1,0,"HD 71479  ",126.89636,-5.14864
"HD 72659",0.1441,0.1541,0.1505,0.00158,51,0.593,-5.043,6.5,1,0,"HD 72659  ",128.51329,-1.56822
"HD 66428",0.1432,0.1485,0.1459,8.6E-4,50,0.697,-5.103,7.95,1,0,"HD 66428  ",120.86945,-1.16271
"HD 65277",0.2093,0.271,0.2385,0.01563,60,0.969,-4.919,4.16,1,1,"HD 65277  ",119.49077,-0.81441
"GL2066",0.7517,1.134,0.8552,0.08843,39,1.335,-4.9,3.87,1,0,"GL2066    ",124.03326,1.30257
"HD 52265",0.1398,0.1476,0.1439,0.00144,56,0.57,-5.09,7.62,1,0,"HD 52265  ",105.07515,-5.36716
"GL250B",1.08,1.708,1.308,0.14243,36,1.354,-4.745,2.2,1,0,"GL250B    ",103.07517,-5.19001
"HD 50281",0.5142,0.6339,0.5557,0.03447,26,1.048,-4.629,1.47,1,0,"HD 50281  ",103.07521,-5.17371
"HD 53665",0.1466,0.1523,0.1499,0.00165,17,0.518,-5.025,6.12,1,0,"HD 53665  ",106.46988,-1.02047
"HD 56303",0.1578,0.1679,0.1618,0.00254,16,0.604,-4.968,4.98,1,0,"HD 56303  ",109.15178,1.87877
"HD 51219",0.1508,0.1582,0.1534,0.00292,12,0.667,-5.044,6.53,1,0,"HD 51219  ",104.14244,1.16208
"HD 45067",0.1492,0.1617,0.1552,0.00235,24,0.555,-4.996,5.5,1,0,"HD 45067  ",96.31894,-0.94588
"HD 44420",0.1452,0.1552,0.1495,0.00285,16,0.671,-5.072,7.19,1,0,"HD 44420  ",95.4314,-0.53913
"HIP30112",1.101,1.556,1.4655,0.09436,26,1.224,-4.487,0.81,1,0,"HIP30112  ",95.05502,2.25891
"HD 46375",0.187,0.2228,0.1973,0.01001,27,0.825,-4.903,3.93,1,0,"HD 46375  ",98.30259,5.46292
"GL273",0.6088,1.106,0.744,0.08256,68,1.421,-5.089,7.61,1,1,"GL273     ",111.85208,5.22579
"HD 52456",0.294,0.344,0.3145,0.01565,12,0.825,-4.629,1.47,1,0,"HD 52456  ",105.39818,6.92684
"HD 28185",0.1532,0.1627,0.1571,0.00196,37,0.698,-5.029,6.19,1,0,"HD 28185  ",66.60968,-10.55082
"HIP21556",0.7402,0.892,0.8087,0.0442,33,1.322,-4.904,3.94,1,0,"HIP21556  ",69.42444,-11.03888
"HD 26965",0.1668,0.2363,0.1946,0.01376,590,0.762,-4.878,3.57,1,1,"HD 26965  ",63.818,-7.65287
"HD 35627",0.1429,0.1467,0.144,9.7E-4,19,0.551,-5.083,7.46,1,0,"HD 35627  ",81.47171,-6.36268
"HD 36395",1.486,2.143,1.813,0.19378,47,1.283,-4.49,0.83,2,1,"HD 36395  ",82.86415,-3.67723
"HD 36003",0.2802,0.452,0.3717,0.0474,162,1.122,-4.921,4.2,1,1,"HD 36003  ",82.10873,-3.49956
"HD 32147",0.2252,0.3376,0.2598,0.0231,625,0.993,-4.905,3.95,1,1,"HD 32147  ",75.20416,-5.75367
"HD 38529",0.1531,0.1778,0.1613,0.00695,100,0.722,-5.01,5.8,1,1,"HD 38529  ",86.64547,1.1682
"HD 34745",0.146,0.1492,0.1472,6.6E-4,21,0.534,-5.051,6.7,1,0,"HD 34745  ",79.95433,2.51361
"HD 33636",0.1664,0.1847,0.175,0.00326,54,0.563,-4.875,3.54,1,0,"HD 33636  ",77.94354,4.40354
"HD 31412",0.1768,0.1978,0.1848,0.00529,24,0.552,-4.822,2.9,1,0,"HD 31412  ",73.98288,4.67043
"HD 34445",0.1564,0.1719,0.1636,0.00321,207,0.624,-4.965,4.92,1,1,"HD 34445  ",79.42075,7.35335
"HD 24727",0.1586,0.164,0.1608,0.00151,22,0.491,-4.941,4.51,1,0,"HD 24727  ",58.95559,-4.52683
"HD 22879",0.1567,0.1613,0.1599,0.001,65,0.481,-4.946,4.6,1,0,"HD 22879  ",55.09194,-3.21698
"HD 24916",0.7301,0.9934,0.8461,0.05629,22,1.113,-4.546,1.08,1,0,"HD 24916  ",59.36958,-1.15946
"HD 25682",0.1642,0.1676,0.1656,0.00112,13,0.724,-4.988,5.36,1,0,"HD 25682  ",61.12782,0.24557
"HD 26794",0.1895,0.217,0.2012,0.00762,13,0.909,-4.951,4.68,1,0,"HD 26794  ",63.62625,3.02205
"HD 20619",0.1816,0.2118,0.1955,0.00682,90,0.614,-4.8,2.68,1,1,"HD 20619  ",49.75789,-2.84319
"HD 22282",0.1621,0.1775,0.1711,0.00516,11,0.74,-4.966,4.95,1,0,"HD 22282  ",53.80376,-0.7389
"HD 28946",0.1937,0.2573,0.2173,0.01598,50,0.741,-4.788,2.57,1,1,"HD 28946  ",68.46,5.38503
"HIP22627",0.9304,1.528,1.156,0.1173,62,1.423,-4.901,3.89,1,0,"HIP22627  ",73.02388,6.47655
"HD 33021",0.1438,0.148,0.1456,0.00115,16,0.619,-5.089,7.62,1,0,"HD 33021  ",76.90964,9.47178
"HD 31253",0.1486,0.1545,0.1512,0.00151,54,0.574,-5.031,6.24,1,1,"HD 31253  ",73.68189,12.35219
"HD 29528",0.1596,0.1664,0.1622,0.00246,9,0.732,-5.009,5.76,1,0,"HD 29528  ",69.9021,13.1231
"HD 29461",0.2857,0.3264,0.3149,0.01074,17,0.634,-4.477,0.77,1,0,"HD 29461  ",69.73884,14.10557
"HD 39715",0.353,0.4317,0.3782,0.02419,20,0.98,-4.71,1.95,1,0,"HD 39715  ",88.61907,2.14223
"HD 42618",0.1518,0.1703,0.1589,0.00311,670,0.626,-4.995,5.49,1,1,"HD 42618  ",93.00236,6.78307
"HD 47157",0.1597,0.1834,0.1608,0.00535,38,0.702,-5.008,5.74,1,0,"HD 47157  ",99.38248,9.14428
"HD 44985",0.1482,0.1515,0.1495,8.7E-4,18,0.566,-5.042,6.48,1,0,"HD 44985  ",96.33435,11.23325
"HD 245409",3.58,4.757,3.8825,0.317,16,1.363,-4.285,0.03,1,0,"HD 245409 ",84.12913,11.32787
"HD 36308",0.4787,0.5418,0.5074,0.02174,8,0.744,-4.298,0.05,1,0,"HD 36308  ",82.84811,12.55609
"HD 41593",0.3984,0.4801,0.4313,0.0197,51,0.785,-4.422,0.5,1,0,"HD 41593  ",91.66866,15.54211
"HD 39881",0.1494,0.1524,0.1512,5.7E-4,43,0.627,-5.049,6.63,1,0,"HD 39881  ",89.0143,13.92491
"GL239",0.7613,1.107,0.9223,0.09154,92,1.276,-4.774,2.44,1,1,"GL239     ",99.29499,17.56481
"HD 58781",0.1677,0.1718,0.1688,0.00126,11,0.69,-4.96,4.83,1,0,"HD 58781  ",111.96159,19.04479
"HD 43947",0.156,0.1602,0.1576,7.5E-4,49,0.538,-4.974,5.08,1,1,"HD 43947  ",94.91739,16.01325
"HD 51419",0.1768,0.1948,0.1858,0.00265,248,0.582,-4.829,2.98,1,1,"HD 51419  ",104.54896,22.47588
"HD 50554",0.154,0.1675,0.1613,0.00278,33,0.564,-4.957,4.79,1,0,"HD 50554  ",103.67844,24.24556
"HD 50692",0.1524,0.1587,0.1556,0.00121,128,0.582,-5.002,5.63,1,0,"HD 50692  ",103.82778,25.3757
"HD 47752",0.4298,0.5177,0.4693,0.02528,34,1.006,-4.645,1.56,1,0,"HD 47752  ",100.31546,23.95772
"HD 31966",0.1484,0.1513,0.1501,9.4E-4,16,0.657,-5.065,7.02,1,0,"HD 31966  ",75.14081,14.38381
"HD 37124",0.1732,0.1917,0.1816,0.00455,81,0.602,-4.857,3.32,1,0,"HD 37124  ",84.26036,20.73079
"HD 32923",0.144,0.1525,0.1511,0.00109,151,0.631,-5.05,6.67,1,0,"HD 32923  ",76.86252,18.64505
"HIP24284",0.5609,0.7879,0.6528,0.05232,42,1.337,-5.02,6.01,1,0,"HIP24284  ",78.17594,19.66565
"HD 285968",1.155,1.802,1.503,0.12026,105,1.33,-4.646,1.56,1,0,"HD 285968 ",70.7324,18.95817
"HD 32963",0.1406,0.1537,0.1517,0.00124,213,0.65,-5.052,6.7,1,0,"HD 32963  ",76.98235,26.32797
"HD 38230",0.1567,0.1677,0.1602,0.00257,91,0.789,-5.035,6.32,1,1,"HD 38230  ",86.50786,37.28465
"HD 105113",0.1534,0.1606,0.1577,0.00247,12,0.59,-4.99,5.4,1,0,"HD 105113 ",181.52165,-32.96123
"HD 100623",0.1751,0.2165,0.1913,0.0093,82,0.763,-4.89,3.74,1,1,"HD 100623 ",173.62286,-32.83134
"GL433",0.7087,0.8905,0.81,0.05686,34,1.322,-4.903,3.92,1,0,"GL433     ",173.86228,-32.53997
"HD 103932",0.3281,0.5569,0.4455,0.05573,97,1.154,-4.892,3.77,1,1,"HD 103932 ",179.48419,-27.70705
"HD 101259",0.1392,0.1467,0.1443,0.00227,13,0.739,-5.118,8.37,1,0,"HD 101259 ",174.75184,-24.72109
"HD 104067",0.2938,0.3823,0.3422,0.02257,57,0.92,-4.683,1.78,1,0,"HD 104067 ",179.7917,-20.35378
"HD 114946",0.1561,0.1632,0.1618,0.00187,16,0.831,-5.041,6.45,1,0,"HD 114946 ",198.5454,-19.93095
"HD 115617",0.1593,0.1822,0.1698,0.00191,609,0.68,-4.951,4.68,1,0,"HD 115617 ",199.60131,-18.31119
"HIP59406B",0.5081,0.7936,0.5825,0.09711,8,1.38,-5.135,8.83,0,0,"GJ 3709   ",182.8206,-19.9727
"HIP60559",0.3389,0.5391,0.3857,0.06074,10,1.361,-5.286,13.7,1,0,"HIP60559  ",186.21876,-18.24229
"HD 111031",0.1467,0.1512,0.1484,8.3E-4,78,0.671,-5.08,7.37,1,1,"HD 111031 ",191.62851,-11.81244
"HD 97343",0.155,0.1625,0.1578,0.00149,89,0.72,-5.03,6.22,1,0,"HD 97343  ",168.00496,-26.13667
"HIP54532",0.5516,0.8862,0.7641,0.0784,21,1.33,-4.94,4.5,1,0,"HIP54532  ",167.3806,-24.59864
"HD 104304",0.1502,0.1695,0.1592,0.00341,68,0.735,-5.026,6.13,1,1,"HD 104304 ",180.18525,-10.44613
"HD 106116",0.152,0.1577,0.1534,0.00204,11,0.678,-5.047,6.6,1,0,"HD 106116 ",183.12018,-3.08447
"HD 115589",0.1604,0.1623,0.1616,7.2E-4,5,0.814,-5.036,6.34,1,0,"HD 115589 ",199.5564,-14.5821
"HD 125184",0.1437,0.1547,0.1483,0.00352,18,0.684,-5.083,7.47,2,0,"HD 125184 ",214.50303,-7.54239
"HD 126614",0.1397,0.1494,0.1448,0.00221,81,0.797,-5.119,8.38,1,1,"HD 126614 ",216.70116,-5.17778
"HD 125455",0.1681,0.2068,0.1805,0.00951,55,0.81,-4.955,4.74,1,1,"HD 125455 ",214.89526,-5.15119
"HD 124292",0.1522,0.1602,0.1574,0.00137,56,0.701,-5.028,6.16,1,0,"HD 124292 ",213.18849,-3.32008
"HD 130322",0.2167,0.2898,0.2349,0.02156,22,0.748,-4.741,2.17,1,0,"HD 130322 ",221.88636,-0.28147
"HD 126053",0.1597,0.1671,0.1642,0.00154,98,0.596,-4.95,4.67,1,1,"HD 126053 ",215.81369,1.24157
"HD 122303",1.068,1.544,1.235,0.09606,67,1.296,-4.678,1.75,1,0,"HD 122303 ",210.26328,-2.65487
"HD 110537",0.1534,0.155,0.1541,4.2E-4,14,0.658,-5.037,6.37,1,0,"HD 110537 ",190.74719,-4.04933
"HD 114783",0.172,0.2224,0.1885,0.01051,109,0.856,-4.951,4.69,1,1,"HD 114783 ",198.18244,-2.26504
"HD 111631",1.415,1.895,1.685,0.08735,41,1.397,-4.699,1.88,1,0,"HD 111631 ",192.68153,-0.76813
"HD 107148",0.1525,0.1665,0.1562,0.00311,98,0.67,-5.027,6.15,1,1,"HD 107148 ",184.80621,-3.31979
"HD 111515",0.1679,0.1712,0.1695,8.4E-4,21,0.626,-4.931,4.35,1,0,"HD 111515 ",192.43679,1.18804
"HD 111484A",0.2158,0.2294,0.2281,0.00555,8,0.52,-4.641,1.54,1,0,"HD 111484A",192.39509,3.81821
"HD 111484B",0.1872,0.2103,0.1916,0.00664,9,0.529,-4.783,2.52,1,0,"HD 111484B",192.39583,3.8206
"HD 116443",0.1644,0.1922,0.1731,0.00546,107,0.787,-4.975,5.1,1,1,"HD 116443 ",200.92019,2.72527
"HD 116442",0.1597,0.1744,0.1638,0.00281,66,0.73,-5.0,5.59,1,1,"HD 116442 ",200.91314,2.72333
"HD 117936",0.4851,0.6203,0.5466,0.03672,23,0.987,-4.548,1.09,1,0,"HD 117936 ",203.385,8.58676
"HD 120066",0.1587,0.1646,0.1625,0.0012,65,0.617,-4.969,5.0,1,0,"HD 120066 ",206.73801,6.35037
"HD 114174",0.1858,0.1882,0.1867,6.7E-4,15,0.652,-4.856,3.3,1,0,"HD 114174 ",197.2126,5.20724
"GL486",0.5735,0.7098,0.655,0.03598,11,1.445,-5.178,10.09,1,0,"GL486     ",191.98594,9.7514
"HIP63510",8.157,10.44,9.218,0.37614,47,1.288,-3.792,0.0,1,0,"HIP63510  ",195.19399,12.37574
"GL514",0.9849,1.433,1.156,0.109,77,1.286,-4.692,1.83,1,0,"GL514     ",202.49911,10.37716
"HD 117176",0.1381,0.1449,0.1435,0.00113,94,0.704,-5.121,8.45,1,0,"HD 117176 ",202.10754,13.77879
"HD 119850",0.5741,0.8881,0.764,0.07592,45,1.287,-4.872,3.5,1,0,"HD 119850 ",206.4324,14.89152
"HD 90722",0.1511,0.1574,0.1537,0.00179,12,0.698,-5.05,6.66,1,0,"HD 90722  ",157.05803,-16.28916
"HD 92719",0.1781,0.2018,0.1879,0.00593,81,0.607,-4.83,2.99,1,0,"HD 92719  ",160.5555,-13.78771
"HD BD-103166",0.1957,0.2559,0.2355,0.01783,11,0.8,-4.775,2.45,1,0,"BD-103166 ",164.61993,-10.77039
"HD 87424",0.5194,0.6073,0.5557,0.02251,18,0.865,-4.381,0.31,1,0,"HD 87424  ",151.15691,-11.7297
"HIP51007",1.192,1.763,1.607,0.1296,21,1.293,-4.559,1.14,1,0,"HIP51007  ",156.29515,-10.22869
"HD 87359",0.1876,0.2149,0.2011,0.00691,56,0.661,-4.8,2.69,1,1,"HD 87359  ",151.11162,-7.2184
"HD 90711",0.1613,0.1838,0.1765,0.00551,27,0.767,-4.952,4.7,1,0,"HD 90711  ",157.05062,-6.60058
"HD 98281",0.1638,0.1872,0.1787,0.00539,89,0.697,-4.913,4.07,1,1,"HD 98281  ",169.59171,-5.0673
"HIP57548",0.7582,2.209,1.086,0.31914,17,1.49,-5.018,5.95,1,0,"HIP57548  ",176.93499,0.80456
"HD 99109",0.1483,0.1691,0.1559,0.00631,30,0.823,-5.065,7.01,1,0,"HD 99109  ",171.07233,-1.52907
"HD 92788",0.1576,0.1687,0.1601,0.00318,35,0.682,-5.006,5.71,2,0,"HD 92788  ",160.7022,-2.18376
"HD 99492",0.2014,0.3211,0.248,0.02571,159,0.953,-4.882,3.62,1,1,"HD 99492  ",171.69283,3.00632
"HD 99491",0.1691,0.2377,0.1976,0.01367,195,0.765,-4.868,3.45,1,1,"HD 99491  ",171.68884,3.0131
"GL382",1.609,2.451,1.877,0.14002,82,1.318,-4.532,1.02,1,0,"GL382     ",153.07362,-3.74566
"HD 88072",0.1535,0.1695,0.1606,0.00418,18,0.637,-4.988,5.35,1,0,"HD 88072  ",152.34762,2.37108
"HD 88725",0.1683,0.1719,0.1698,9.3E-4,16,0.553,-4.902,3.9,1,0,"HD 88725  ",153.53473,3.1513
"HIP46655",0.4516,0.9645,0.5716,0.15319,10,1.411,-5.189,10.44,1,0,"HIP46655  ",142.68577,0.32266
"HD 80367",0.1575,0.1668,0.1615,0.00303,13,0.823,-5.039,6.41,1,0,"HD 80367  ",139.86797,0.89706
"GL393",0.9087,1.398,1.065,0.10008,53,1.337,-4.807,2.76,1,0,"GL393     ",157.23146,0.841
"HD 90125",0.1538,0.1589,0.1557,0.00135,22,0.926,-5.111,8.17,1,0,"HD 90125  ",156.0549,2.36802
"HIP53020",0.9913,1.581,1.193,0.14828,14,1.471,-4.952,4.7,1,0,"HIP53020  ",162.7168,6.80813
"HIP52942A",0.1562,0.1613,0.1575,0.00118,25,0.469,-4.962,4.87,1,0,"HIP52942  ",162.40475,12.92921
"HD 91204",0.1422,0.1476,0.1461,0.00138,17,0.631,-5.088,7.59,1,0,"HD 91204  ",158.02292,17.98973
"HD 104800",0.1683,0.1721,0.1711,9.7E-4,12,0.517,-4.883,3.64,1,0,"HD 104800 ",181.02318,3.34075
"HD G60-06",0.1709,0.2075,0.1968,0.01572,8,0.866,-4.931,4.36,0,0,"G60-06    ",187.00476,7.45587
"HD 106156",0.2365,0.3199,0.2615,0.03451,13,0.763,-4.683,1.78,1,0,"HD 106156 ",183.23972,10.03772
"HD 105618",0.138,0.1431,0.1415,0.00173,7,0.695,-5.136,8.86,1,0,"HD 105618 ",182.40259,11.21158
"HD 110315",0.2786,0.3769,0.3232,0.02737,65,1.088,-4.933,4.38,1,1,"HD 110315 ",190.27702,15.37667
"HD 115404A",0.4544,0.497,0.4755,0.01122,28,0.868,-4.46,0.69,1,0,"HD 115404A",199.21271,17.01718
"HD 114762",0.1209,0.1288,0.1254,0.00208,25,0.503,-5.281,13.51,1,0,"HD 114762 ",198.08225,17.51712
"HIP60633",0.3921,0.5769,0.4446,0.03289,49,1.141,-4.872,3.5,1,0,"HIP60633  ",186.39576,21.83231
"HD 111395",0.2691,0.3509,0.3038,0.02262,16,0.684,-4.533,1.02,1,0,"HD 111395 ",192.19603,24.84023
"HD 108874",0.1475,0.1544,0.152,0.00158,57,0.714,-5.064,6.99,0,0,"HD 108874 ",187.61201,22.87983
"HD 100180",0.1615,0.1794,0.1679,0.00325,63,0.564,-4.916,4.12,1,1,"HD 100180 ",172.93727,14.3645
"HD 103432",0.2372,0.2716,0.2571,0.01037,9,0.645,-4.614,1.4,1,0,"HD 103432 ",178.63362,19.41123
"HD 95650",3.244,4.434,3.932,0.28263,16,1.259,-4.116,0.0,1,0,"HD 95650  ",165.65976,21.96714
"GL408",0.7805,1.224,0.8621,0.09808,57,1.368,-4.947,4.61,1,0,"GL408     ",165.01774,22.83296
"HD 97658",0.1671,0.2163,0.1864,0.01155,556,0.777,-4.916,4.12,1,1,"HD 97658  ",168.63817,25.71039
"HIP57087",0.5343,0.7931,0.5994,0.04548,258,1.367,-5.104,7.98,1,0,"HIP57087  ",175.54622,26.70657
"HD 101501",0.2769,0.3719,0.3135,0.02552,15,0.701,-4.526,0.99,2,0,"HD 101501 ",175.26257,34.20163
"GL450",1.418,1.936,1.6565,0.12221,24,1.319,-4.587,1.27,1,0,"GL450     ",177.78057,35.27201
"HD 103095",0.191,0.2271,0.2087,0.0096,17,0.665,-4.774,2.44,2,0,"HD 103095 ",178.24486,37.71868
"HD 169830",0.1392,0.1454,0.1421,0.00133,76,0.529,-5.095,7.76,1,0,"HD 169830 ",276.95619,-29.81686
"HD 167665",0.1808,0.1841,0.1833,0.001,14,0.506,-4.816,2.84,1,0,"HD 167665 ",274.34899,-28.28895
"HIP86961",1.831,2.358,1.979,0.13177,21,1.312,-4.499,0.87,1,0,"HIP86961  ",266.55313,-32.10254
"HD 171665",0.1661,0.1764,0.1728,0.00331,9,0.658,-4.926,4.27,1,0,"HD 171665 ",279.3035,-25.67127
"HD 172051",0.1629,0.1751,0.1677,0.00292,91,0.64,-4.947,4.61,1,1,"HD 172051 ",279.7225,-21.05188
"HD 170657",0.2691,0.3585,0.3246,0.02113,22,0.836,-4.622,1.44,1,0,"HD 170657 ",277.829,-18.90881
"HD 156026",0.5803,0.6736,0.635,0.02943,15,1.104,-4.656,1.62,1,0,"HD 156026 ",259.05568,-26.54615
"HD 156365",0.1413,0.1442,0.1417,0.00142,5,0.641,-5.127,8.62,1,0,"HD 156365 ",259.52973,-24.07302
"HD 157172",0.1423,0.1683,0.1545,0.00658,13,0.737,-5.053,6.73,1,0,"HD 157172 ",260.64402,-19.61618
"HD 168746",0.1531,0.1597,0.158,0.00145,23,0.661,-5.013,5.84,1,0,"HD 168746 ",275.45743,-11.92268
"HD 168443",0.1421,0.1499,0.1483,0.00148,49,0.704,-5.087,7.55,1,0,"HD 168443 ",275.01639,-9.59573
"HIP87062",0.1666,0.1711,0.1703,0.00163,6,0.49,-4.882,3.63,1,0,"HIP87062  ",266.86655,-8.77993
"HD 163153",0.1525,0.1557,0.154,8.7E-4,12,0.724,-5.053,6.74,1,0,"HD 163153 ",268.7403,-7.73395
"HD 165222",0.8791,1.283,1.006,0.07177,131,1.305,-4.781,2.51,1,0,"HD 165222 ",271.28158,-3.03132
"HD 183870",0.4613,0.5228,0.4973,0.01925,10,0.886,-4.46,0.68,1,0,"HD 183870 ",293.02793,-11.27494
"HD 181234",0.1353,0.1545,0.1486,0.00367,20,0.804,-5.098,7.84,1,0,"HD 181234 ",290.00041,-9.3236
"HD 183658",0.1666,0.1712,0.1677,0.0012,15,0.636,-4.945,4.58,1,0,"HD 183658 ",292.71966,-6.51442
"HD 192263",0.4134,0.574,0.4983,0.04092,19,0.89,-4.464,0.7,1,0,"HD 192263 ",303.49936,-0.86688
"HD 190007",0.592,0.7307,0.6557,0.03101,13,1.111,-4.653,1.6,1,0,"HD 190007 ",300.69602,3.32618
"HD 192343",0.1521,0.1555,0.1534,9.3E-4,13,0.66,-5.042,6.49,1,0,"HD 192343 ",303.53825,6.57721
"HD 192344",0.1456,0.1489,0.1466,9.9E-4,12,0.685,-5.096,7.78,1,0,"HD 192344 ",303.54071,6.58898
"HD 171918",0.1511,0.1584,0.1554,0.00189,14,0.658,-5.028,6.18,1,0,"HD 171918 ",279.42761,-7.3367
"HD 173818",1.102,1.342,1.209,0.06549,9,1.198,-4.528,1.0,1,0,"HD 173818 ",281.86354,-3.63983
"HD 176982",0.1438,0.1456,0.1444,6.5E-4,8,0.708,-5.115,8.3,1,0,"HD 176982 ",285.68499,-0.71122
"HD 170493",0.2984,0.5301,0.4126,0.04472,60,1.026,-4.731,2.1,1,1,"HD 170493 ",277.46836,-1.8181
"HD 175541",0.1308,0.1387,0.1351,0.00114,73,0.879,-5.183,10.24,1,0,"HD 175541 ",283.92035,4.26532
"HD 185295",0.1338,0.1372,0.136,0.00118,8,0.813,-5.173,9.94,1,0,"HD 185295 ",294.56646,5.00715
"HD 180617",0.9128,1.403,1.052,0.09329,144,1.341,-4.819,2.88,1,0,"HD 180617 ",289.23024,5.1689
"HD 183263",0.1477,0.1639,0.1505,0.00331,76,0.631,-5.055,6.77,1,1,"HD 183263 ",292.10238,8.35806
"HD 188512",0.1305,0.1385,0.1354,9.8E-4,184,0.833,-5.176,10.04,1,0,"HD 188512 ",298.8283,6.40676
"HD 187897",0.2688,0.3172,0.2971,0.0144,9,0.6,-4.493,0.84,1,0,"HD 187897 ",298.03911,7.46004
"HD 188510",0.1651,0.1707,0.1686,0.00168,7,0.651,-4.946,4.6,1,0,"HD 188510 ",298.79033,10.74094
"HD 187923",0.155,0.1593,0.1585,5.9E-4,106,0.628,-4.998,5.55,1,0,"HD 187923 ",298.01433,11.62833
"HD 182572",0.1608,0.1747,0.1673,0.0025,80,0.728,-4.981,5.22,1,0,"HD 182572 ",291.2425,11.94441
"HIP80824",0.6069,1.255,0.8185,0.10067,84,1.443,-5.078,7.34,1,0,"HIP80824  ",247.57524,-12.66259
"HIP80295",0.3475,0.3906,0.3656,0.01388,8,0.954,-4.692,1.83,1,0,"HIP80295  ",245.86213,-11.59461
"HD 153458",0.2518,0.3322,0.2742,0.02672,12,0.627,-4.56,1.15,1,0,"HD 153458 ",255.00691,-7.53166
"HD 144585",0.1451,0.1556,0.1503,0.00225,23,0.659,-5.064,6.98,1,0,"HD 144585 ",241.76404,-14.0713
"HD 146233",0.1572,0.1801,0.1655,0.00674,211,0.644,-4.961,4.85,1,1,"HD 146233 ",243.90529,-8.36944
"HD 149724",0.1435,0.1591,0.1497,0.00408,16,0.712,-5.079,7.35,1,0,"HD 149724 ",249.20232,-6.2943
"HD 150433",0.1649,0.1664,0.1661,5.5E-4,7,0.587,-4.936,4.42,1,0,"HD 150433 ",250.28423,-2.85728
"HD 149661",0.2636,0.3678,0.3193,0.03118,23,0.803,-4.6,1.33,1,0,"HD 149661 ",249.08937,-2.32459
"HD 156826",0.1711,0.1747,0.1734,0.00118,11,0.817,-4.986,5.31,1,0,"HD 156826 ",259.99814,-5.91751
"HD 154363",0.3485,0.5738,0.434,0.05702,96,1.074,-4.779,2.49,1,1,"HD 154363 ",256.26414,-5.06651
"HD 157347",0.1621,0.1696,0.1662,0.0011,136,0.663,-4.964,4.91,1,0,"HD 157347 ",260.7137,-2.38818
"HD 157881",1.477,1.634,1.61,0.05396,10,1.306,-4.579,1.23,1,0,"HD 157881 ",261.43847,2.11142
"HD 152391",0.312,0.403,0.343,0.02685,25,0.725,-4.493,0.84,2,0,"HD 152391 ",253.24501,-0.02642
"HD 149806",0.1757,0.2341,0.2029,0.01326,60,0.802,-4.871,3.49,1,1,"HD 149806 ",249.28512,0.25434
"HD 138776",0.1716,0.1752,0.1742,0.00129,10,0.717,-4.943,4.54,1,0,"HD 138776 ",233.57049,-2.72407
"HD 136442",0.1242,0.1355,0.1316,0.00149,43,1.044,-5.298,14.13,1,0,"HD 136442 ",230.19592,-2.41334
"HD 136834",0.1948,0.2436,0.2183,0.0163,7,0.943,-4.937,4.45,1,0,"HD 136834 ",230.67728,1.41863
"HD 141272",0.4163,0.4765,0.4365,0.01831,33,0.765,-4.396,0.38,1,0,"HD 141272 ",237.03943,1.57174
"HD 140538A",0.174,0.224,0.1977,0.00836,213,0.666,-4.817,2.85,1,1,"HD 140538A",236.00758,2.51517
"HD 142229",0.3479,0.385,0.3645,0.0129,12,0.594,-4.366,0.24,1,0,"HD 142229 ",238.33338,4.25325
"HD 141004",0.1584,0.1702,0.1628,0.00212,388,0.592,-4.958,4.8,1,0,"HD 141004 ",236.61089,7.35307
"HD 148467",0.57,0.8348,0.6838,0.06651,56,1.178,-4.743,2.19,1,1,"HD 148467 ",246.98711,7.30544
"HD 145934",0.1117,0.1339,0.1178,0.00486,72,0.97,-5.301,14.24,1,0,"HD 145934 ",243.29118,13.23946
"HD 145958A",0.1646,0.197,0.1751,0.00654,91,0.693,-4.929,4.31,2,1,"HD 145958A",243.32687,13.5269
"HD 145958B",0.1647,0.2019,0.1773,0.00751,68,0.705,-4.923,4.23,1,1,"HD 145958B",243.32675,13.52805
"HD 165401",0.214,0.2383,0.2261,0.0066,38,0.556,-4.659,1.64,1,0,"HD 165401 ",271.40606,4.65717
"HIP89215",0.1745,0.1773,0.176,9.0E-4,7,0.662,-4.911,4.05,1,0,"HIP89215  ",273.09116,5.40122
"GL699",0.4571,1.748,0.6713,0.18299,161,1.449,-5.173,9.93,1,1,"GL699     ",269.45208,4.69336
"HD 163489",0.1102,0.1142,0.1115,8.0E-4,51,0.964,-5.332,15.38,1,0,"HD 163489 ",269.0496,4.83358
"HD 161848",0.181,0.1905,0.1872,0.00349,6,0.756,-4.903,3.92,1,0,"HD 161848 ",266.92538,4.93965
"HD 170174",0.1054,0.1082,0.1078,0.00106,6,0.899,-5.35,16.08,1,0,"HD 170174 ",276.97807,6.60009
"HD 170469",0.1481,0.1522,0.15,9.4E-4,27,0.668,-5.068,7.09,1,0,"HD 170469 ",277.29575,11.6955
"HD 164507",0.1555,0.1716,0.161,0.00409,15,0.7,-5.006,5.71,1,0,"HD 164507 ",270.23863,15.09355
"HD 174080",0.7647,0.9763,0.8291,0.05028,32,1.04,-4.438,0.58,1,0,"HD 174080 ",282.12177,10.74545
"HD 171067",0.1704,0.1889,0.1734,0.00617,11,0.654,-4.922,4.2,1,0,"HD 171067 ",278.0436,13.73656
"HD 180684",0.1479,0.1568,0.1512,0.00203,15,0.547,-5.023,6.06,1,0,"HD 180684 ",289.20243,18.97632
"HD 230999",0.1635,0.1706,0.1688,0.00213,10,0.688,-4.959,4.82,1,0,"HD 230999 ",288.80978,19.60935
"HD 230409",0.1706,0.1741,0.1724,0.00112,10,0.631,-4.917,4.13,1,0,"HD 230409 ",285.18056,19.07456
"GL745B",0.2417,0.2995,0.2693,0.0153,15,1.349,-5.424,18.95,1,0,"GL745B    ",286.80502,20.87702
"GL745A",0.2517,0.2963,0.2666,0.01121,22,1.349,-5.428,19.12,1,0,"GL745A    ",286.77319,20.88804
"HD 155712",0.1794,0.2388,0.1892,0.01602,71,0.875,-4.961,4.86,1,1,"HD 155712 ",258.15676,18.35119
"HD 159063",0.1453,0.1492,0.1483,0.00127,8,0.509,-5.036,6.36,1,0,"HD 159063 ",262.97547,16.82401
"GL686",0.5006,0.9388,0.7032,0.06833,100,1.308,-4.942,4.53,1,0,"GL686     ",264.47228,18.59171
"HD 151995",0.2466,0.3113,0.2959,0.01888,13,0.982,-4.829,2.99,1,0,"HD 151995 ",252.52202,18.90042
"HIP83043",1.463,2.01,1.606,0.11609,57,1.296,-4.564,1.17,1,0,"HIP83043  ",254.53687,25.74416
"HD 156668",0.193,0.2647,0.2331,0.01542,634,0.928,-4.889,3.72,1,1,"HD 156668 ",259.41871,29.22723
"HD 164922",0.1437,0.1586,0.1527,0.002,365,0.768,-5.069,7.12,1,0,"HD 164922 ",270.62859,26.313
"HD 164595",0.1631,0.1677,0.1649,0.00112,40,0.635,-4.961,4.85,1,0,"HD 164595 ",270.16206,29.57192
"HD 172310",0.1767,0.1872,0.1822,0.00359,9,0.665,-4.883,3.64,1,0,"HD 172310 ",279.56712,28.92542
"HD 167216",0.154,0.1578,0.1561,0.00137,9,0.494,-4.974,5.09,1,0,"HD 167216 ",273.25961,28.24663
"HD 167215",0.1832,0.1893,0.1864,0.00149,23,0.494,-4.798,2.67,1,0,"HD 167215 ",273.24751,28.25761
"HD 161797",0.1408,0.1563,0.1456,0.00344,122,0.709,-5.106,8.06,1,0,"HD 161797 ",266.61478,27.72071
"HD 166620",0.164,0.1776,0.1706,0.0019,149,0.827,-5.002,5.62,1,0,"HD 166620 ",272.4059,38.45778
"HD 33793",0.2566,0.4276,0.2909,0.04355,30,1.34,-5.376,17.06,1,0,"HD 33793  ",77.91912,-45.01843
"HD 28187",0.1613,0.1659,0.1636,0.00149,10,0.56,-4.941,4.52,1,0,"HD 28187  ",66.34903,-35.67557
"HD 31560",0.4829,0.6421,0.5781,0.04178,29,1.032,-4.587,1.27,1,0,"HD 31560  ",73.92463,-28.56391
"HD 26151",0.1767,0.2129,0.185,0.00649,172,0.788,-4.927,4.29,1,1,"HD 26151  ",61.83635,-27.42566
"HD 3074A",0.1459,0.1542,0.1496,0.00154,35,0.571,-5.043,6.5,1,0,"HD 3074A  ",8.43253,-35.00208
"HD 10002",0.1585,0.1668,0.1598,0.00205,44,0.804,-5.041,6.45,1,0,"HD 10002  ",24.28595,-29.39326
"HD 11020",0.1646,0.1703,0.1653,0.00192,9,0.75,-4.998,5.55,1,0,"HD 11020  ",26.90992,-26.75002
"HD 9540A",0.2552,0.3071,0.271,0.01594,25,0.722,-4.631,1.48,2,0,"HD 9540   ",23.31587,-24.17796
"HD 8038",0.1948,0.2465,0.2127,0.0175,10,0.686,-4.771,2.42,1,0,"HD 8038   ",19.8711,-24.95121
"HD 16623",0.162,0.1651,0.1639,9.6E-4,9,0.546,-4.934,4.41,1,0,"HD 16623  ",39.7903,-26.31872
"HD 18445",0.3407,0.3999,0.374,0.0173,18,0.921,-4.641,1.54,1,0,"HD 18445  ",44.30495,-24.97512
"HD 24892",0.1494,0.155,0.1513,0.00145,11,0.739,-5.073,7.2,1,0,"HD 24892  ",59.11945,-25.18134
"HIP19165",0.5796,0.8281,0.6485,0.06355,53,1.163,-4.743,2.19,1,1,"HIP19165  ",61.64517,-20.85312
"HD 23356",0.2478,0.3177,0.2893,0.0134,87,0.886,-4.732,2.11,1,0,"HD 23356  ",55.9806,-19.1109
"HD 14412",0.1794,0.2168,0.1905,0.00767,364,0.689,-4.857,3.31,1,1,"HD 14412  ",34.74377,-25.94569
"HD 19467",0.1612,0.1647,0.163,7.3E-4,38,0.625,-4.969,5.0,1,0,"HD 19467  ",46.8274,-13.76178
"HD 23249",0.1328,0.1379,0.1361,0.00117,75,0.882,-5.178,10.1,1,0,"HD 23249  ",55.81209,-9.76339
"HD 22049",0.397,0.5353,0.4593,0.02867,198,0.867,-4.477,0.77,2,0,"HD 22049  ",53.23269,-9.45826
"HD 21019A",0.1493,0.1534,0.1518,0.00124,23,0.697,-5.062,6.95,0,0,"HD 21019A ",50.82375,-7.7941
"HD 21197",0.5784,0.7219,0.6553,0.04179,21,1.134,-4.691,1.83,1,0,"HD 21197  ",51.24888,-5.36375
"HD 19034",0.1748,0.1911,0.1799,0.00504,9,0.603,-4.867,3.43,1,0,"HD 19034  ",45.91233,-5.6663
"HD 83443",0.1967,0.24,0.219,0.01281,12,0.785,-4.81,2.79,1,0,"HD 83443  ",144.29928,-43.2722
"HD 88218",0.1424,0.1454,0.1446,0.00117,6,0.604,-5.094,7.72,1,0,"HD 88218  ",152.38237,-35.85678
"HD 93745",0.1455,0.1512,0.1484,0.00213,12,0.586,-5.057,6.83,1,0,"HD 93745  ",162.25216,-31.05915
"HD 96700",0.1793,0.1841,0.1821,0.00142,17,0.589,-4.849,3.22,1,0,"HD 96700  ",166.97678,-30.17457
"HD 90156",0.1571,0.1675,0.1629,0.00157,160,0.639,-4.975,5.1,1,0,"HD 90156  ",155.98031,-29.64553
"HD 89391",0.1449,0.1505,0.1464,0.00131,20,0.917,-5.143,9.08,1,0,"HD 89391  ",154.60462,-26.50035
"HD 68978",0.1657,0.1782,0.1718,0.00432,14,0.582,-4.901,3.89,1,0,"HD 68978  ",123.39374,-31.73538
"HD 50499",0.1441,0.1556,0.149,0.00216,70,0.608,-5.059,6.87,1,1,"HD 50499  ",103.00843,-33.91556
"HD 67458",0.1661,0.1775,0.1718,0.00308,14,0.581,-4.901,3.89,1,0,"HD 67458  ",121.75218,-29.40294
"HD 50806",0.1388,0.1446,0.1424,0.00151,18,0.683,-5.128,8.64,1,0,"HD 50806  ",103.39143,-28.53979
"HD 72673",0.1647,0.1874,0.1719,0.00686,113,0.73,-4.959,4.81,1,1,"HD 72673  ",128.21457,-31.50085
"HD 71334",0.1543,0.1614,0.1592,0.00216,9,0.64,-4.998,5.55,1,0,"HD 71334  ",126.45631,-29.93059
"HD 84117",0.1452,0.1536,0.151,0.00132,168,0.514,-5.016,5.91,1,0,"HD 84117  ",145.56007,-23.91557
"GL357",0.4207,0.6435,0.4869,0.05928,43,1.369,-5.196,10.67,1,0,"GL357     ",144.00682,-21.6608
"HD 82943",0.1552,0.1767,0.1681,0.00402,153,0.612,-4.934,4.39,1,1,"HD 82943  ",143.7114,-12.12955
"GL317",0.9106,1.275,1.093,0.08653,46,1.397,-4.887,3.7,1,0,"GL317     ",130.24669,-23.45628
"HD 63754",0.1307,0.1406,0.1393,0.00236,15,0.572,-5.133,8.77,1,0,"HD 63754  ",117.4386,-20.20763
"HIP37217",0.5187,0.8049,0.6188,0.08985,15,1.402,-5.141,8.99,1,0,"HIP37217  ",114.67067,-21.22458
"HD 69830",0.1589,0.1837,0.171,0.00422,524,0.731,-4.963,4.9,1,1,"HD 69830  ",124.59978,-12.63217
"HD G161-29",0.2101,0.2431,0.2384,0.011,9,0.926,-4.874,3.53,0,0,"G161-29   ",141.42674,-6.77207
"HD 136352",0.1659,0.1772,0.1704,0.0018,47,0.597,-4.914,4.09,1,0,"HD 136352 ",230.45062,-48.31763
"GL667C",0.4446,0.7951,0.5689,0.06967,35,1.352,-5.102,7.95,1,0,"GL667C    ",259.74511,-34.99684
"HD 157338",0.1638,0.1703,0.1689,0.00135,22,0.563,-4.91,4.02,1,0,"HD 157338 ",261.03641,-34.79846
"HD 144988",0.1689,0.173,0.1717,0.00148,7,0.578,-4.9,3.88,1,0,"HD 144988 ",242.50234,-35.64256
"HD 154088",0.1397,0.1706,0.155,0.00625,399,0.789,-5.061,6.92,1,1,"HD 154088 ",256.11601,-28.58268
"HD 150437",0.1402,0.1551,0.1442,0.00422,12,0.673,-5.112,8.21,1,0,"HD 150437 ",250.53045,-29.12499
"HD 150698",0.1301,0.1333,0.1325,0.00127,8,0.625,-5.213,11.2,1,0,"HD 150698 ",250.96431,-26.80894
"HD 146775",0.1717,0.1743,0.1722,9.4E-4,7,0.6,-4.906,3.96,1,0,"HD 146775 ",244.78514,-28.29389
"HD 114613",0.1431,0.1577,0.1482,0.00252,120,0.687,-5.085,7.5,1,0,"HD 114613 ",198.01327,-37.80302
"HD 117207",0.155,0.1591,0.1578,0.0013,14,0.694,-5.023,6.06,1,0,"HD 117207 ",202.33797,-35.571
"HD 114729",0.1479,0.1537,0.1505,0.0017,14,0.592,-5.043,6.5,1,0,"HD 114729 ",198.18441,-31.87335
"HD 116321",0.1499,0.1669,0.1527,0.00439,29,0.505,-5.001,5.61,1,0,"HD 116321 ",200.79112,-24.73414
"HD 138549",0.1695,0.1986,0.1735,0.01034,7,0.686,-4.934,4.4,1,0,"HD 138549 ",233.47316,-31.01905
"HD 131117",0.1385,0.1432,0.1418,0.00182,9,0.587,-5.114,8.24,1,0,"HD 131117 ",223.13792,-30.57726
"HD 129010",0.1413,0.1462,0.1442,0.0014,10,0.559,-5.084,7.49,1,0,"HD 129010 ",220.23264,-26.42871
"HD 134987",0.1458,0.1501,0.1487,0.00107,60,0.683,-5.08,7.39,1,0,"HD 134987 ",228.36945,-25.30935
"HD 130992",0.2982,0.3712,0.3227,0.01468,73,0.962,-4.762,2.34,1,1,"HD 130992 ",222.9186,-24.30413
"HD 145809",0.1449,0.1484,0.1471,9.0E-4,10,0.607,-5.074,7.23,1,0,"HD 145809 ",243.4181,-21.39996
"HD 120467",0.5461,0.7544,0.6515,0.05092,50,1.208,-4.814,2.82,1,0,"HD 120467 ",207.43669,-22.11109
"HIP67164",0.522,0.7219,0.5941,0.06797,11,1.422,-5.188,10.41,1,0,"HIP67164  ",206.46131,-17.96823
"HD 124106",0.3691,0.4735,0.3851,0.02798,15,0.836,-4.532,1.02,1,0,"HD 124106 ",212.94239,-12.61177
"HD 134440",0.159,0.2116,0.1787,0.01597,8,0.81,-4.962,4.87,1,0,"HD 134440 ",227.55403,-16.46292
"HD 134439",0.1498,0.1826,0.1625,0.01213,8,0.733,-5.007,5.74,1,0,"HD 134439 ",227.55453,-16.37941
"HD 136713",0.2466,0.3794,0.3104,0.02683,109,0.94,-4.755,2.28,1,1,"HD 136713 ",230.6529,-10.66113
"HD 137778",0.4786,0.5648,0.5285,0.02685,31,0.88,-4.424,0.51,1,0,"HD 137778 ",232.05088,-9.35786
"HIP74995",0.4076,0.7224,0.5312,0.05568,404,1.398,-5.202,10.85,1,1,"HIP74995  ",229.86178,-7.72227
"HIP70975",0.4814,0.8333,0.5233,0.0818,17,1.427,-5.249,12.42,1,0,"HIP70975  ",217.75484,-12.2961
"HIP71253",0.7983,1.057,0.9394,0.06387,26,1.486,-5.076,7.27,1,0,"HIP71253  ",218.57005,-12.51956
"HD 217987",0.8763,1.439,1.2215,0.10682,78,1.304,-4.695,1.85,1,0,"HD 217987 ",346.46682,-35.85307
"HD 213628",0.1611,0.1651,0.162,0.00134,8,0.693,-4.998,5.55,1,0,"HD 213628 ",338.37785,-35.44455
"HD 212801",0.192,0.2376,0.2189,0.01643,8,0.78,-4.808,2.77,1,0,"HD 212801 ",336.87974,-31.55421
"HD 214749",1.102,1.249,1.184,0.04647,14,1.122,-4.412,0.45,1,0,"HD 214749 ",340.18077,-29.67448
"HD 217004",0.1417,0.1434,0.1426,5.2E-4,7,0.64,-5.119,8.4,1,0,"HD 217004 ",344.45082,-26.10824
"HD 210302",0.1554,0.1631,0.1582,0.00207,66,0.479,-4.958,4.79,1,1,"HD 210302 ",332.53658,-32.54841
"HD 213042",0.3057,0.4663,0.3713,0.04997,77,1.028,-4.783,2.53,1,1,"HD 213042 ",337.31348,-30.01841
"HD 191408",0.1779,0.2043,0.1832,0.0055,135,0.87,-4.978,5.16,1,1,"HD 191408 ",302.79974,-36.10121
"HD 172513",0.211,0.2424,0.2243,0.01542,4,0.695,-4.739,2.16,1,0,"HD 172513 ",280.50982,-34.46633
"HD 179949",0.2175,0.2434,0.2386,0.00666,23,0.535,-4.612,1.39,1,0,"HD 179949 ",288.88846,-24.17935
"HD 200538",0.158,0.1686,0.1637,0.00296,8,0.583,-4.949,4.65,1,0,"HD 200538 ",316.27047,-32.82617
"GL803",7.48,9.651,8.39,0.45504,63,1.287,-3.832,0.0,1,0,"GL803     ",311.28972,-31.3409
"HD 201203",0.1802,0.1879,0.183,0.002,13,0.496,-4.815,2.84,1,0,"HD 201203 ",317.1539,-21.68304
"HD 192310",0.1565,0.2262,0.1806,0.01673,452,0.825,-4.962,4.87,1,1,"HD 192310 ",303.82246,-27.03298
"HD 196761",0.1671,0.1818,0.172,0.00411,68,0.676,-4.937,4.45,1,1,"HD 196761 ",310.04898,-23.77387
"HD 193901",0.1719,0.1751,0.1731,8.4E-4,10,0.49,-4.866,3.43,1,0,"HD 193901 ",305.89936,-21.37062
"HD 189625",0.1834,0.2038,0.1953,0.00846,8,0.639,-4.812,2.81,1,0,"HD 189625 ",300.38667,-16.869
"HIP103039",1.008,1.302,1.1345,0.1531,4,1.473,-4.977,5.15,1,0,"HIP103039 ",313.13757,-16.97472
"HD 200968",0.3676,0.4498,0.4289,0.01329,32,0.828,-4.468,0.72,1,0,"HD 200968 ",316.79325,-13.92292
"HIP104432",0.2689,0.4664,0.3738,0.03982,25,1.325,-5.243,12.19,1,0,"HIP104432 ",317.32261,-13.3025
"HD 198802",0.1531,0.1714,0.157,0.00524,16,0.642,-5.013,5.85,1,0,"HD 198802 ",313.27333,-11.57365
"HD 204587",0.5781,0.7496,0.6943,0.03988,44,1.237,-4.833,3.03,1,0,"HD 204587 ",322.51148,-12.51007
"HD 195564",0.1351,0.1407,0.1394,0.00121,32,0.665,-5.151,9.28,1,0,"HD 195564 ",308.09873,-9.85338
"HD 199960",0.1538,0.1621,0.1582,0.00309,18,0.628,-5.0,5.6,1,0,"HD 199960 ",315.141,-4.73026
"S101438B",0.1585,0.1645,0.1595,0.00212,8,0.702,-5.015,5.9,0,0,"          ",,
"S11844",0.1631,0.1716,0.1653,0.00219,13,0.505,-4.915,4.1,0,0,"          ",,
"S122446",1.025,1.46,1.287,0.09108,55,1.317,-4.694,1.85,0,0,"          ",,
"S130811",0.7843,1.208,1.002,0.10009,67,1.387,-4.909,4.01,0,1,"          ",,
